<?xml version="1.0"?>
<gpx xmlns="http://www.topografix.com/GPX/1/1" xmlns:xsi="http://www.w3.org/2001/XMLSchema-instance" version="1.1" creator="AllTrails.com" xsi:schemaLocation="http://www.topografix.com/GPX/1/1 http://www.topografix.com/GPX/1/1/gpx.xsd">
  <metadata>
    <name><![CDATA[Devils Hole, Linville Gorge, and Spence Ridge Loop]]></name>
    <desc><![CDATA[]]></desc>
    <link href="http://www.alltrails.com">
      <text>AllTrails, LLC</text>
    </link>
    <bounds minlat="35.90127" minlon="-81.90357" maxlat="35.92427" maxlon="-81.87835"/>
  </metadata>
  <trk>
    <name><![CDATA[Devils Hole, Linville Gorge, and Spence Ridge Loop]]></name>
    <src>AllTrails</src>
    <trkseg>
      <trkpt lat="35.92266" lon="-81.88677">
        <ele>1041.27</ele>
      </trkpt>
      <trkpt lat="35.92265" lon="-81.88678">
        <ele>1041.38</ele>
      </trkpt>
      <trkpt lat="35.92272" lon="-81.88686">
        <ele>1040.71</ele>
      </trkpt>
      <trkpt lat="35.92266" lon="-81.88689">
        <ele>1041.68</ele>
      </trkpt>
      <trkpt lat="35.92257" lon="-81.88697">
        <ele>1043.73</ele>
      </trkpt>
      <trkpt lat="35.92248" lon="-81.88711">
        <ele>1046.79</ele>
      </trkpt>
      <trkpt lat="35.92239" lon="-81.88732">
        <ele>1050.29</ele>
      </trkpt>
      <trkpt lat="35.92231" lon="-81.88744">
        <ele>1052.4</ele>
      </trkpt>
      <trkpt lat="35.9222" lon="-81.88756">
        <ele>1055.38</ele>
      </trkpt>
      <trkpt lat="35.9222" lon="-81.88757">
        <ele>1055.57</ele>
      </trkpt>
      <trkpt lat="35.9222" lon="-81.88757">
        <ele>1055.57</ele>
      </trkpt>
      <trkpt lat="35.92215" lon="-81.88765">
        <ele>1056.62</ele>
      </trkpt>
      <trkpt lat="35.92204" lon="-81.88788">
        <ele>1061.21</ele>
      </trkpt>
      <trkpt lat="35.92197" lon="-81.88802">
        <ele>1063.62</ele>
      </trkpt>
      <trkpt lat="35.92196" lon="-81.88803">
        <ele>1063.72</ele>
      </trkpt>
      <trkpt lat="35.92193" lon="-81.88807">
        <ele>1064.31</ele>
      </trkpt>
      <trkpt lat="35.92191" lon="-81.88812">
        <ele>1065.07</ele>
      </trkpt>
      <trkpt lat="35.92188" lon="-81.88818">
        <ele>1066.14</ele>
      </trkpt>
      <trkpt lat="35.92188" lon="-81.88822">
        <ele>1066.71</ele>
      </trkpt>
      <trkpt lat="35.92187" lon="-81.88824">
        <ele>1066.99</ele>
      </trkpt>
      <trkpt lat="35.92188" lon="-81.88827">
        <ele>1067.85</ele>
      </trkpt>
      <trkpt lat="35.92188" lon="-81.88836">
        <ele>1070.07</ele>
      </trkpt>
      <trkpt lat="35.9219" lon="-81.88843">
        <ele>1071.04</ele>
      </trkpt>
      <trkpt lat="35.92191" lon="-81.88848">
        <ele>1071.58</ele>
      </trkpt>
      <trkpt lat="35.92191" lon="-81.88854">
        <ele>1072.32</ele>
      </trkpt>
      <trkpt lat="35.92191" lon="-81.88854">
        <ele>1072.32</ele>
      </trkpt>
      <trkpt lat="35.92192" lon="-81.88859">
        <ele>1072.98</ele>
      </trkpt>
      <trkpt lat="35.92193" lon="-81.88863">
        <ele>1073.53</ele>
      </trkpt>
      <trkpt lat="35.92194" lon="-81.88869">
        <ele>1074.71</ele>
      </trkpt>
      <trkpt lat="35.92198" lon="-81.88875">
        <ele>1075.69</ele>
      </trkpt>
      <trkpt lat="35.92201" lon="-81.88878">
        <ele>1075.95</ele>
      </trkpt>
      <trkpt lat="35.92203" lon="-81.88878">
        <ele>1075.99</ele>
      </trkpt>
      <trkpt lat="35.92207" lon="-81.88878">
        <ele>1076.36</ele>
      </trkpt>
      <trkpt lat="35.92212" lon="-81.88876">
        <ele>1076.9</ele>
      </trkpt>
      <trkpt lat="35.92216" lon="-81.88872">
        <ele>1077.33</ele>
      </trkpt>
      <trkpt lat="35.92231" lon="-81.88863">
        <ele>1077.96</ele>
      </trkpt>
      <trkpt lat="35.92249" lon="-81.88856">
        <ele>1077.94</ele>
      </trkpt>
      <trkpt lat="35.92256" lon="-81.88853">
        <ele>1077.43</ele>
      </trkpt>
      <trkpt lat="35.92261" lon="-81.88851">
        <ele>1076.82</ele>
      </trkpt>
      <trkpt lat="35.92264" lon="-81.88849">
        <ele>1076.38</ele>
      </trkpt>
      <trkpt lat="35.92267" lon="-81.88848">
        <ele>1076.17</ele>
      </trkpt>
      <trkpt lat="35.92275" lon="-81.88845">
        <ele>1076.74</ele>
      </trkpt>
      <trkpt lat="35.92287" lon="-81.88841">
        <ele>1076.65</ele>
      </trkpt>
      <trkpt lat="35.92292" lon="-81.88841">
        <ele>1077.73</ele>
      </trkpt>
      <trkpt lat="35.92296" lon="-81.8884">
        <ele>1078.38</ele>
      </trkpt>
      <trkpt lat="35.92305" lon="-81.88839">
        <ele>1079.16</ele>
      </trkpt>
      <trkpt lat="35.92308" lon="-81.88839">
        <ele>1079.16</ele>
      </trkpt>
      <trkpt lat="35.92311" lon="-81.88838">
        <ele>1079.0</ele>
      </trkpt>
      <trkpt lat="35.92316" lon="-81.88839">
        <ele>1078.79</ele>
      </trkpt>
      <trkpt lat="35.9232" lon="-81.88839">
        <ele>1078.1</ele>
      </trkpt>
      <trkpt lat="35.92325" lon="-81.8884">
        <ele>1077.08</ele>
      </trkpt>
      <trkpt lat="35.92329" lon="-81.8884">
        <ele>1076.22</ele>
      </trkpt>
      <trkpt lat="35.92334" lon="-81.88841">
        <ele>1075.09</ele>
      </trkpt>
      <trkpt lat="35.92342" lon="-81.88844">
        <ele>1073.92</ele>
      </trkpt>
      <trkpt lat="35.92347" lon="-81.88847">
        <ele>1072.57</ele>
      </trkpt>
      <trkpt lat="35.92351" lon="-81.88849">
        <ele>1071.49</ele>
      </trkpt>
      <trkpt lat="35.92351" lon="-81.8885">
        <ele>1071.38</ele>
      </trkpt>
      <trkpt lat="35.92352" lon="-81.8885">
        <ele>1071.18</ele>
      </trkpt>
      <trkpt lat="35.92355" lon="-81.88853">
        <ele>1070.66</ele>
      </trkpt>
      <trkpt lat="35.92358" lon="-81.88855">
        <ele>1070.34</ele>
      </trkpt>
      <trkpt lat="35.92361" lon="-81.88858">
        <ele>1070.01</ele>
      </trkpt>
      <trkpt lat="35.92366" lon="-81.88861">
        <ele>1069.47</ele>
      </trkpt>
      <trkpt lat="35.92369" lon="-81.88864">
        <ele>1069.15</ele>
      </trkpt>
      <trkpt lat="35.92372" lon="-81.88865">
        <ele>1069.0</ele>
      </trkpt>
      <trkpt lat="35.92376" lon="-81.8887">
        <ele>1069.0</ele>
      </trkpt>
      <trkpt lat="35.92379" lon="-81.88872">
        <ele>1068.82</ele>
      </trkpt>
      <trkpt lat="35.92384" lon="-81.88875">
        <ele>1068.97</ele>
      </trkpt>
      <trkpt lat="35.92388" lon="-81.88878">
        <ele>1069.08</ele>
      </trkpt>
      <trkpt lat="35.92395" lon="-81.8888">
        <ele>1069.65</ele>
      </trkpt>
      <trkpt lat="35.92402" lon="-81.88883">
        <ele>1070.68</ele>
      </trkpt>
      <trkpt lat="35.92409" lon="-81.88885">
        <ele>1071.69</ele>
      </trkpt>
      <trkpt lat="35.92411" lon="-81.88887">
        <ele>1071.9</ele>
      </trkpt>
      <trkpt lat="35.92412" lon="-81.8889">
        <ele>1071.99</ele>
      </trkpt>
      <trkpt lat="35.92413" lon="-81.88903">
        <ele>1071.68</ele>
      </trkpt>
      <trkpt lat="35.92415" lon="-81.88908">
        <ele>1071.58</ele>
      </trkpt>
      <trkpt lat="35.92416" lon="-81.88912">
        <ele>1071.36</ele>
      </trkpt>
      <trkpt lat="35.92419" lon="-81.88918">
        <ele>1071.11</ele>
      </trkpt>
      <trkpt lat="35.92422" lon="-81.88926">
        <ele>1070.56</ele>
      </trkpt>
      <trkpt lat="35.92426" lon="-81.88935">
        <ele>1070.03</ele>
      </trkpt>
      <trkpt lat="35.92427" lon="-81.88943">
        <ele>1068.43</ele>
      </trkpt>
      <trkpt lat="35.92427" lon="-81.88946">
        <ele>1067.93</ele>
      </trkpt>
      <trkpt lat="35.92426" lon="-81.88949">
        <ele>1067.51</ele>
      </trkpt>
      <trkpt lat="35.92418" lon="-81.88963">
        <ele>1064.14</ele>
      </trkpt>
      <trkpt lat="35.92417" lon="-81.88968">
        <ele>1062.95</ele>
      </trkpt>
      <trkpt lat="35.92417" lon="-81.88973">
        <ele>1061.87</ele>
      </trkpt>
      <trkpt lat="35.9242" lon="-81.88989">
        <ele>1058.74</ele>
      </trkpt>
      <trkpt lat="35.9242" lon="-81.89003">
        <ele>1055.14</ele>
      </trkpt>
      <trkpt lat="35.92419" lon="-81.89007">
        <ele>1053.92</ele>
      </trkpt>
      <trkpt lat="35.92419" lon="-81.89011">
        <ele>1052.83</ele>
      </trkpt>
      <trkpt lat="35.92418" lon="-81.89014">
        <ele>1052.05</ele>
      </trkpt>
      <trkpt lat="35.92418" lon="-81.89017">
        <ele>1051.35</ele>
      </trkpt>
      <trkpt lat="35.92418" lon="-81.89021">
        <ele>1050.2</ele>
      </trkpt>
      <trkpt lat="35.92417" lon="-81.89026">
        <ele>1048.58</ele>
      </trkpt>
      <trkpt lat="35.92417" lon="-81.89033">
        <ele>1046.85</ele>
      </trkpt>
      <trkpt lat="35.92416" lon="-81.89036">
        <ele>1046.15</ele>
      </trkpt>
      <trkpt lat="35.92416" lon="-81.89039">
        <ele>1045.5</ele>
      </trkpt>
      <trkpt lat="35.92414" lon="-81.8905">
        <ele>1042.63</ele>
      </trkpt>
      <trkpt lat="35.92412" lon="-81.89056">
        <ele>1040.88</ele>
      </trkpt>
      <trkpt lat="35.9241" lon="-81.89061">
        <ele>1039.4</ele>
      </trkpt>
      <trkpt lat="35.92405" lon="-81.89069">
        <ele>1036.46</ele>
      </trkpt>
      <trkpt lat="35.924" lon="-81.8908">
        <ele>1032.19</ele>
      </trkpt>
      <trkpt lat="35.92396" lon="-81.8909">
        <ele>1028.86</ele>
      </trkpt>
      <trkpt lat="35.92395" lon="-81.89103">
        <ele>1025.69</ele>
      </trkpt>
      <trkpt lat="35.92394" lon="-81.89114">
        <ele>1022.76</ele>
      </trkpt>
      <trkpt lat="35.92394" lon="-81.89125">
        <ele>1019.5</ele>
      </trkpt>
      <trkpt lat="35.92394" lon="-81.89129">
        <ele>1018.2</ele>
      </trkpt>
      <trkpt lat="35.92394" lon="-81.89134">
        <ele>1016.37</ele>
      </trkpt>
      <trkpt lat="35.92393" lon="-81.89143">
        <ele>1013.11</ele>
      </trkpt>
      <trkpt lat="35.92391" lon="-81.8915">
        <ele>1010.43</ele>
      </trkpt>
      <trkpt lat="35.92391" lon="-81.89154">
        <ele>1008.7</ele>
      </trkpt>
      <trkpt lat="35.92387" lon="-81.89168">
        <ele>1003.36</ele>
      </trkpt>
      <trkpt lat="35.92382" lon="-81.89198">
        <ele>992.85</ele>
      </trkpt>
      <trkpt lat="35.92381" lon="-81.89203">
        <ele>991.23</ele>
      </trkpt>
      <trkpt lat="35.92379" lon="-81.89207">
        <ele>989.93</ele>
      </trkpt>
      <trkpt lat="35.92378" lon="-81.89213">
        <ele>987.99</ele>
      </trkpt>
      <trkpt lat="35.92375" lon="-81.89217">
        <ele>986.69</ele>
      </trkpt>
      <trkpt lat="35.92374" lon="-81.89221">
        <ele>985.4</ele>
      </trkpt>
      <trkpt lat="35.92373" lon="-81.89225">
        <ele>984.4</ele>
      </trkpt>
      <trkpt lat="35.92371" lon="-81.89229">
        <ele>983.54</ele>
      </trkpt>
      <trkpt lat="35.9237" lon="-81.89232">
        <ele>982.79</ele>
      </trkpt>
      <trkpt lat="35.92368" lon="-81.89236">
        <ele>981.4</ele>
      </trkpt>
      <trkpt lat="35.92368" lon="-81.8924">
        <ele>980.22</ele>
      </trkpt>
      <trkpt lat="35.92366" lon="-81.89246">
        <ele>978.3</ele>
      </trkpt>
      <trkpt lat="35.92367" lon="-81.89249">
        <ele>977.32</ele>
      </trkpt>
      <trkpt lat="35.92366" lon="-81.89253">
        <ele>976.35</ele>
      </trkpt>
      <trkpt lat="35.92365" lon="-81.89255">
        <ele>975.92</ele>
      </trkpt>
      <trkpt lat="35.92362" lon="-81.89268">
        <ele>972.17</ele>
      </trkpt>
      <trkpt lat="35.92359" lon="-81.89279">
        <ele>968.51</ele>
      </trkpt>
      <trkpt lat="35.92357" lon="-81.89282">
        <ele>967.64</ele>
      </trkpt>
      <trkpt lat="35.92347" lon="-81.89291">
        <ele>964.62</ele>
      </trkpt>
      <trkpt lat="35.92345" lon="-81.89294">
        <ele>963.76</ele>
      </trkpt>
      <trkpt lat="35.92344" lon="-81.89295">
        <ele>963.43</ele>
      </trkpt>
      <trkpt lat="35.92338" lon="-81.89302">
        <ele>960.59</ele>
      </trkpt>
      <trkpt lat="35.92335" lon="-81.89307">
        <ele>959.18</ele>
      </trkpt>
      <trkpt lat="35.92333" lon="-81.89312">
        <ele>958.19</ele>
      </trkpt>
      <trkpt lat="35.92331" lon="-81.89317">
        <ele>957.01</ele>
      </trkpt>
      <trkpt lat="35.92329" lon="-81.89321">
        <ele>955.93</ele>
      </trkpt>
      <trkpt lat="35.92329" lon="-81.89322">
        <ele>955.82</ele>
      </trkpt>
      <trkpt lat="35.92329" lon="-81.89322">
        <ele>955.82</ele>
      </trkpt>
      <trkpt lat="35.92317" lon="-81.89334">
        <ele>950.62</ele>
      </trkpt>
      <trkpt lat="35.92314" lon="-81.8934">
        <ele>948.99</ele>
      </trkpt>
      <trkpt lat="35.92308" lon="-81.89343">
        <ele>946.79</ele>
      </trkpt>
      <trkpt lat="35.92304" lon="-81.89345">
        <ele>945.33</ele>
      </trkpt>
      <trkpt lat="35.92299" lon="-81.89343">
        <ele>943.17</ele>
      </trkpt>
      <trkpt lat="35.92294" lon="-81.89337">
        <ele>940.76</ele>
      </trkpt>
      <trkpt lat="35.9229" lon="-81.89331">
        <ele>938.35</ele>
      </trkpt>
      <trkpt lat="35.92288" lon="-81.89326">
        <ele>936.73</ele>
      </trkpt>
      <trkpt lat="35.92288" lon="-81.89323">
        <ele>936.52</ele>
      </trkpt>
      <trkpt lat="35.92285" lon="-81.89313">
        <ele>934.94</ele>
      </trkpt>
      <trkpt lat="35.92283" lon="-81.89309">
        <ele>934.09</ele>
      </trkpt>
      <trkpt lat="35.9228" lon="-81.89304">
        <ele>933.09</ele>
      </trkpt>
      <trkpt lat="35.92278" lon="-81.89302">
        <ele>932.47</ele>
      </trkpt>
      <trkpt lat="35.92277" lon="-81.89301">
        <ele>932.24</ele>
      </trkpt>
      <trkpt lat="35.92274" lon="-81.89304">
        <ele>930.94</ele>
      </trkpt>
      <trkpt lat="35.92272" lon="-81.89306">
        <ele>930.05</ele>
      </trkpt>
      <trkpt lat="35.9227" lon="-81.89309">
        <ele>928.8</ele>
      </trkpt>
      <trkpt lat="35.92269" lon="-81.8931">
        <ele>928.22</ele>
      </trkpt>
      <trkpt lat="35.92268" lon="-81.89311">
        <ele>927.66</ele>
      </trkpt>
      <trkpt lat="35.92266" lon="-81.89314">
        <ele>926.36</ele>
      </trkpt>
      <trkpt lat="35.92261" lon="-81.8932">
        <ele>924.11</ele>
      </trkpt>
      <trkpt lat="35.92258" lon="-81.89324">
        <ele>922.74</ele>
      </trkpt>
      <trkpt lat="35.92253" lon="-81.89335">
        <ele>919.12</ele>
      </trkpt>
      <trkpt lat="35.92251" lon="-81.89341">
        <ele>917.6</ele>
      </trkpt>
      <trkpt lat="35.9225" lon="-81.89346">
        <ele>916.63</ele>
      </trkpt>
      <trkpt lat="35.92246" lon="-81.89353">
        <ele>914.58</ele>
      </trkpt>
      <trkpt lat="35.92244" lon="-81.89357">
        <ele>913.5</ele>
      </trkpt>
      <trkpt lat="35.92243" lon="-81.8936">
        <ele>912.85</ele>
      </trkpt>
      <trkpt lat="35.92241" lon="-81.89364">
        <ele>911.78</ele>
      </trkpt>
      <trkpt lat="35.92238" lon="-81.8937">
        <ele>910.45</ele>
      </trkpt>
      <trkpt lat="35.92236" lon="-81.89381">
        <ele>908.24</ele>
      </trkpt>
      <trkpt lat="35.92235" lon="-81.89384">
        <ele>907.38</ele>
      </trkpt>
      <trkpt lat="35.92233" lon="-81.89391">
        <ele>905.43</ele>
      </trkpt>
      <trkpt lat="35.92231" lon="-81.89394">
        <ele>904.4</ele>
      </trkpt>
      <trkpt lat="35.92228" lon="-81.89401">
        <ele>903.39</ele>
      </trkpt>
      <trkpt lat="35.92226" lon="-81.89406">
        <ele>902.4</ele>
      </trkpt>
      <trkpt lat="35.92224" lon="-81.89409">
        <ele>901.4</ele>
      </trkpt>
      <trkpt lat="35.92223" lon="-81.89414">
        <ele>900.54</ele>
      </trkpt>
      <trkpt lat="35.92222" lon="-81.89421">
        <ele>899.5</ele>
      </trkpt>
      <trkpt lat="35.9222" lon="-81.89424">
        <ele>898.78</ele>
      </trkpt>
      <trkpt lat="35.92217" lon="-81.89429">
        <ele>897.35</ele>
      </trkpt>
      <trkpt lat="35.92217" lon="-81.89431">
        <ele>897.01</ele>
      </trkpt>
      <trkpt lat="35.92211" lon="-81.89444">
        <ele>892.67</ele>
      </trkpt>
      <trkpt lat="35.9221" lon="-81.89447">
        <ele>892.0</ele>
      </trkpt>
      <trkpt lat="35.92208" lon="-81.89453">
        <ele>890.51</ele>
      </trkpt>
      <trkpt lat="35.92204" lon="-81.89457">
        <ele>888.73</ele>
      </trkpt>
      <trkpt lat="35.922" lon="-81.89467">
        <ele>886.33</ele>
      </trkpt>
      <trkpt lat="35.92199" lon="-81.89471">
        <ele>885.25</ele>
      </trkpt>
      <trkpt lat="35.92199" lon="-81.89475">
        <ele>884.53</ele>
      </trkpt>
      <trkpt lat="35.92198" lon="-81.89478">
        <ele>883.76</ele>
      </trkpt>
      <trkpt lat="35.92198" lon="-81.89481">
        <ele>883.24</ele>
      </trkpt>
      <trkpt lat="35.92197" lon="-81.89482">
        <ele>882.77</ele>
      </trkpt>
      <trkpt lat="35.92197" lon="-81.89485">
        <ele>882.45</ele>
      </trkpt>
      <trkpt lat="35.92193" lon="-81.89493">
        <ele>880.25</ele>
      </trkpt>
      <trkpt lat="35.9219" lon="-81.89499">
        <ele>878.24</ele>
      </trkpt>
      <trkpt lat="35.92189" lon="-81.89501">
        <ele>877.54</ele>
      </trkpt>
      <trkpt lat="35.92188" lon="-81.89503">
        <ele>876.89</ele>
      </trkpt>
      <trkpt lat="35.92187" lon="-81.89504">
        <ele>876.35</ele>
      </trkpt>
      <trkpt lat="35.92186" lon="-81.89506">
        <ele>875.7</ele>
      </trkpt>
      <trkpt lat="35.92185" lon="-81.89508">
        <ele>875.06</ele>
      </trkpt>
      <trkpt lat="35.92184" lon="-81.8951">
        <ele>874.33</ele>
      </trkpt>
      <trkpt lat="35.92184" lon="-81.89513">
        <ele>873.68</ele>
      </trkpt>
      <trkpt lat="35.92183" lon="-81.89514">
        <ele>873.03</ele>
      </trkpt>
      <trkpt lat="35.92183" lon="-81.89517">
        <ele>872.38</ele>
      </trkpt>
      <trkpt lat="35.92181" lon="-81.89521">
        <ele>871.19</ele>
      </trkpt>
      <trkpt lat="35.92182" lon="-81.89526">
        <ele>871.62</ele>
      </trkpt>
      <trkpt lat="35.92181" lon="-81.89529">
        <ele>871.06</ele>
      </trkpt>
      <trkpt lat="35.9218" lon="-81.8953">
        <ele>870.52</ele>
      </trkpt>
      <trkpt lat="35.9218" lon="-81.89533">
        <ele>870.2</ele>
      </trkpt>
      <trkpt lat="35.92178" lon="-81.89537">
        <ele>868.9</ele>
      </trkpt>
      <trkpt lat="35.92179" lon="-81.89539">
        <ele>869.12</ele>
      </trkpt>
      <trkpt lat="35.92178" lon="-81.89543">
        <ele>868.25</ele>
      </trkpt>
      <trkpt lat="35.92176" lon="-81.89547">
        <ele>866.96</ele>
      </trkpt>
      <trkpt lat="35.92173" lon="-81.8955">
        <ele>865.84</ele>
      </trkpt>
      <trkpt lat="35.92173" lon="-81.89551">
        <ele>865.7</ele>
      </trkpt>
      <trkpt lat="35.92173" lon="-81.89553">
        <ele>865.42</ele>
      </trkpt>
      <trkpt lat="35.9217" lon="-81.89558">
        <ele>863.55</ele>
      </trkpt>
      <trkpt lat="35.92169" lon="-81.89564">
        <ele>861.93</ele>
      </trkpt>
      <trkpt lat="35.92169" lon="-81.89568">
        <ele>861.41</ele>
      </trkpt>
      <trkpt lat="35.92168" lon="-81.89577">
        <ele>859.8</ele>
      </trkpt>
      <trkpt lat="35.92163" lon="-81.89588">
        <ele>856.7</ele>
      </trkpt>
      <trkpt lat="35.92159" lon="-81.89592">
        <ele>855.41</ele>
      </trkpt>
      <trkpt lat="35.92156" lon="-81.89595">
        <ele>854.44</ele>
      </trkpt>
      <trkpt lat="35.92154" lon="-81.89598">
        <ele>853.62</ele>
      </trkpt>
      <trkpt lat="35.92154" lon="-81.896">
        <ele>853.11</ele>
      </trkpt>
      <trkpt lat="35.92154" lon="-81.89601">
        <ele>852.85</ele>
      </trkpt>
      <trkpt lat="35.92153" lon="-81.89602">
        <ele>852.5</ele>
      </trkpt>
      <trkpt lat="35.92153" lon="-81.89604">
        <ele>852.18</ele>
      </trkpt>
      <trkpt lat="35.92152" lon="-81.89607">
        <ele>851.54</ele>
      </trkpt>
      <trkpt lat="35.9215" lon="-81.89611">
        <ele>850.42</ele>
      </trkpt>
      <trkpt lat="35.92149" lon="-81.89617">
        <ele>848.97</ele>
      </trkpt>
      <trkpt lat="35.92145" lon="-81.89621">
        <ele>847.86</ele>
      </trkpt>
      <trkpt lat="35.92143" lon="-81.89625">
        <ele>847.0</ele>
      </trkpt>
      <trkpt lat="35.92138" lon="-81.89633">
        <ele>845.33</ele>
      </trkpt>
      <trkpt lat="35.92136" lon="-81.89641">
        <ele>843.54</ele>
      </trkpt>
      <trkpt lat="35.92134" lon="-81.89646">
        <ele>842.46</ele>
      </trkpt>
      <trkpt lat="35.92133" lon="-81.89649">
        <ele>841.91</ele>
      </trkpt>
      <trkpt lat="35.92132" lon="-81.89652">
        <ele>841.58</ele>
      </trkpt>
      <trkpt lat="35.9213" lon="-81.89655">
        <ele>841.26</ele>
      </trkpt>
      <trkpt lat="35.92129" lon="-81.89657">
        <ele>841.05</ele>
      </trkpt>
      <trkpt lat="35.92127" lon="-81.89662">
        <ele>840.01</ele>
      </trkpt>
      <trkpt lat="35.92124" lon="-81.89667">
        <ele>838.93</ele>
      </trkpt>
      <trkpt lat="35.92122" lon="-81.89672">
        <ele>837.85</ele>
      </trkpt>
      <trkpt lat="35.92121" lon="-81.89678">
        <ele>836.36</ele>
      </trkpt>
      <trkpt lat="35.9212" lon="-81.89684">
        <ele>834.46</ele>
      </trkpt>
      <trkpt lat="35.9212" lon="-81.89688">
        <ele>833.47</ele>
      </trkpt>
      <trkpt lat="35.92119" lon="-81.8969">
        <ele>833.26</ele>
      </trkpt>
      <trkpt lat="35.92117" lon="-81.89694">
        <ele>832.82</ele>
      </trkpt>
      <trkpt lat="35.92116" lon="-81.89698">
        <ele>832.2</ele>
      </trkpt>
      <trkpt lat="35.92116" lon="-81.897">
        <ele>831.78</ele>
      </trkpt>
      <trkpt lat="35.92116" lon="-81.89705">
        <ele>830.79</ele>
      </trkpt>
      <trkpt lat="35.92116" lon="-81.89707">
        <ele>830.48</ele>
      </trkpt>
      <trkpt lat="35.92116" lon="-81.89713">
        <ele>829.52</ele>
      </trkpt>
      <trkpt lat="35.92116" lon="-81.89718">
        <ele>828.73</ele>
      </trkpt>
      <trkpt lat="35.92116" lon="-81.89723">
        <ele>827.84</ele>
      </trkpt>
      <trkpt lat="35.92116" lon="-81.89728">
        <ele>826.48</ele>
      </trkpt>
      <trkpt lat="35.92115" lon="-81.89734">
        <ele>824.99</ele>
      </trkpt>
      <trkpt lat="35.92112" lon="-81.89742">
        <ele>822.93</ele>
      </trkpt>
      <trkpt lat="35.9211" lon="-81.8975">
        <ele>821.0</ele>
      </trkpt>
      <trkpt lat="35.92108" lon="-81.89755">
        <ele>820.28</ele>
      </trkpt>
      <trkpt lat="35.92105" lon="-81.89759">
        <ele>819.39</ele>
      </trkpt>
      <trkpt lat="35.92102" lon="-81.89764">
        <ele>817.99</ele>
      </trkpt>
      <trkpt lat="35.92099" lon="-81.8978">
        <ele>816.53</ele>
      </trkpt>
      <trkpt lat="35.92098" lon="-81.89784">
        <ele>816.19</ele>
      </trkpt>
      <trkpt lat="35.921" lon="-81.89796">
        <ele>815.23</ele>
      </trkpt>
      <trkpt lat="35.92099" lon="-81.898">
        <ele>815.03</ele>
      </trkpt>
      <trkpt lat="35.92098" lon="-81.89803">
        <ele>814.99</ele>
      </trkpt>
      <trkpt lat="35.92098" lon="-81.89807">
        <ele>814.46</ele>
      </trkpt>
      <trkpt lat="35.92097" lon="-81.89811">
        <ele>813.56</ele>
      </trkpt>
      <trkpt lat="35.92096" lon="-81.89815">
        <ele>812.57</ele>
      </trkpt>
      <trkpt lat="35.92094" lon="-81.89817">
        <ele>812.14</ele>
      </trkpt>
      <trkpt lat="35.92092" lon="-81.8982">
        <ele>811.45</ele>
      </trkpt>
      <trkpt lat="35.92092" lon="-81.89824">
        <ele>810.15</ele>
      </trkpt>
      <trkpt lat="35.92092" lon="-81.89828">
        <ele>808.88</ele>
      </trkpt>
      <trkpt lat="35.92093" lon="-81.89839">
        <ele>805.15</ele>
      </trkpt>
      <trkpt lat="35.92091" lon="-81.89848">
        <ele>803.15</ele>
      </trkpt>
      <trkpt lat="35.92091" lon="-81.89853">
        <ele>801.8</ele>
      </trkpt>
      <trkpt lat="35.9209" lon="-81.89857">
        <ele>800.61</ele>
      </trkpt>
      <trkpt lat="35.9209" lon="-81.8986">
        <ele>799.64</ele>
      </trkpt>
      <trkpt lat="35.92088" lon="-81.89866">
        <ele>798.44</ele>
      </trkpt>
      <trkpt lat="35.92086" lon="-81.8987">
        <ele>797.79</ele>
      </trkpt>
      <trkpt lat="35.92079" lon="-81.89885">
        <ele>794.5</ele>
      </trkpt>
      <trkpt lat="35.92078" lon="-81.89893">
        <ele>792.24</ele>
      </trkpt>
      <trkpt lat="35.92077" lon="-81.89901">
        <ele>790.17</ele>
      </trkpt>
      <trkpt lat="35.92076" lon="-81.89908">
        <ele>788.8</ele>
      </trkpt>
      <trkpt lat="35.92074" lon="-81.89911">
        <ele>787.48</ele>
      </trkpt>
      <trkpt lat="35.92072" lon="-81.89914">
        <ele>786.79</ele>
      </trkpt>
      <trkpt lat="35.92069" lon="-81.89918">
        <ele>785.78</ele>
      </trkpt>
      <trkpt lat="35.92066" lon="-81.89924">
        <ele>783.98</ele>
      </trkpt>
      <trkpt lat="35.92063" lon="-81.89929">
        <ele>783.99</ele>
      </trkpt>
      <trkpt lat="35.9206" lon="-81.89936">
        <ele>783.95</ele>
      </trkpt>
      <trkpt lat="35.92058" lon="-81.89943">
        <ele>782.58</ele>
      </trkpt>
      <trkpt lat="35.92057" lon="-81.89946">
        <ele>782.06</ele>
      </trkpt>
      <trkpt lat="35.92054" lon="-81.8995">
        <ele>781.76</ele>
      </trkpt>
      <trkpt lat="35.92045" lon="-81.89958">
        <ele>778.88</ele>
      </trkpt>
      <trkpt lat="35.92042" lon="-81.89959">
        <ele>778.74</ele>
      </trkpt>
      <trkpt lat="35.92039" lon="-81.89961">
        <ele>778.05</ele>
      </trkpt>
      <trkpt lat="35.92035" lon="-81.89966">
        <ele>776.71</ele>
      </trkpt>
      <trkpt lat="35.92024" lon="-81.89974">
        <ele>772.96</ele>
      </trkpt>
      <trkpt lat="35.92016" lon="-81.89979">
        <ele>772.15</ele>
      </trkpt>
      <trkpt lat="35.92014" lon="-81.89982">
        <ele>771.95</ele>
      </trkpt>
      <trkpt lat="35.92011" lon="-81.89985">
        <ele>772.08</ele>
      </trkpt>
      <trkpt lat="35.92008" lon="-81.89988">
        <ele>771.9</ele>
      </trkpt>
      <trkpt lat="35.92003" lon="-81.89994">
        <ele>771.52</ele>
      </trkpt>
      <trkpt lat="35.91995" lon="-81.89998">
        <ele>771.07</ele>
      </trkpt>
      <trkpt lat="35.91991" lon="-81.90002">
        <ele>770.33</ele>
      </trkpt>
      <trkpt lat="35.91986" lon="-81.90009">
        <ele>768.58</ele>
      </trkpt>
      <trkpt lat="35.91982" lon="-81.90012">
        <ele>768.35</ele>
      </trkpt>
      <trkpt lat="35.91981" lon="-81.90014">
        <ele>768.13</ele>
      </trkpt>
      <trkpt lat="35.9197" lon="-81.90024">
        <ele>768.37</ele>
      </trkpt>
      <trkpt lat="35.91963" lon="-81.9003">
        <ele>767.52</ele>
      </trkpt>
      <trkpt lat="35.91951" lon="-81.90035">
        <ele>765.6</ele>
      </trkpt>
      <trkpt lat="35.91944" lon="-81.9004">
        <ele>763.99</ele>
      </trkpt>
      <trkpt lat="35.91938" lon="-81.90043">
        <ele>762.37</ele>
      </trkpt>
      <trkpt lat="35.91931" lon="-81.90044">
        <ele>761.52</ele>
      </trkpt>
      <trkpt lat="35.91922" lon="-81.90045">
        <ele>761.14</ele>
      </trkpt>
      <trkpt lat="35.91918" lon="-81.90047">
        <ele>760.77</ele>
      </trkpt>
      <trkpt lat="35.91909" lon="-81.90052">
        <ele>761.13</ele>
      </trkpt>
      <trkpt lat="35.91904" lon="-81.90056">
        <ele>760.54</ele>
      </trkpt>
      <trkpt lat="35.91897" lon="-81.90059">
        <ele>760.64</ele>
      </trkpt>
      <trkpt lat="35.91895" lon="-81.90062">
        <ele>759.56</ele>
      </trkpt>
      <trkpt lat="35.91894" lon="-81.90064">
        <ele>758.8</ele>
      </trkpt>
      <trkpt lat="35.91893" lon="-81.90068">
        <ele>757.37</ele>
      </trkpt>
      <trkpt lat="35.91893" lon="-81.90073">
        <ele>755.51</ele>
      </trkpt>
      <trkpt lat="35.91892" lon="-81.90078">
        <ele>754.48</ele>
      </trkpt>
      <trkpt lat="35.91885" lon="-81.90086">
        <ele>753.44</ele>
      </trkpt>
      <trkpt lat="35.91878" lon="-81.90093">
        <ele>752.01</ele>
      </trkpt>
      <trkpt lat="35.91874" lon="-81.90098">
        <ele>750.63</ele>
      </trkpt>
      <trkpt lat="35.91871" lon="-81.90102">
        <ele>749.82</ele>
      </trkpt>
      <trkpt lat="35.91869" lon="-81.90105">
        <ele>748.98</ele>
      </trkpt>
      <trkpt lat="35.91866" lon="-81.90109">
        <ele>747.68</ele>
      </trkpt>
      <trkpt lat="35.91864" lon="-81.90112">
        <ele>746.78</ele>
      </trkpt>
      <trkpt lat="35.9186" lon="-81.90113">
        <ele>746.69</ele>
      </trkpt>
      <trkpt lat="35.91854" lon="-81.90114">
        <ele>746.9</ele>
      </trkpt>
      <trkpt lat="35.9185" lon="-81.90116">
        <ele>746.32</ele>
      </trkpt>
      <trkpt lat="35.91846" lon="-81.90119">
        <ele>745.35</ele>
      </trkpt>
      <trkpt lat="35.91833" lon="-81.90127">
        <ele>743.86</ele>
      </trkpt>
      <trkpt lat="35.91818" lon="-81.9013">
        <ele>742.91</ele>
      </trkpt>
      <trkpt lat="35.91812" lon="-81.90133">
        <ele>742.16</ele>
      </trkpt>
      <trkpt lat="35.9181" lon="-81.90136">
        <ele>741.27</ele>
      </trkpt>
      <trkpt lat="35.9181" lon="-81.90138">
        <ele>740.72</ele>
      </trkpt>
      <trkpt lat="35.9181" lon="-81.90144">
        <ele>739.11</ele>
      </trkpt>
      <trkpt lat="35.91811" lon="-81.90147">
        <ele>738.32</ele>
      </trkpt>
      <trkpt lat="35.9181" lon="-81.90151">
        <ele>737.54</ele>
      </trkpt>
      <trkpt lat="35.91809" lon="-81.90153">
        <ele>737.28</ele>
      </trkpt>
      <trkpt lat="35.91807" lon="-81.90155">
        <ele>737.14</ele>
      </trkpt>
      <trkpt lat="35.91804" lon="-81.90158">
        <ele>736.93</ele>
      </trkpt>
      <trkpt lat="35.91801" lon="-81.90162">
        <ele>736.26</ele>
      </trkpt>
      <trkpt lat="35.91796" lon="-81.90165">
        <ele>735.32</ele>
      </trkpt>
      <trkpt lat="35.91794" lon="-81.90168">
        <ele>734.61</ele>
      </trkpt>
      <trkpt lat="35.9179" lon="-81.90179">
        <ele>732.78</ele>
      </trkpt>
      <trkpt lat="35.91787" lon="-81.90185">
        <ele>732.02</ele>
      </trkpt>
      <trkpt lat="35.91784" lon="-81.90193">
        <ele>731.1</ele>
      </trkpt>
      <trkpt lat="35.91784" lon="-81.90202">
        <ele>729.9</ele>
      </trkpt>
      <trkpt lat="35.91782" lon="-81.90211">
        <ele>730.09</ele>
      </trkpt>
      <trkpt lat="35.91781" lon="-81.90213">
        <ele>730.29</ele>
      </trkpt>
      <trkpt lat="35.91775" lon="-81.90224">
        <ele>728.92</ele>
      </trkpt>
      <trkpt lat="35.91773" lon="-81.90226">
        <ele>728.7</ele>
      </trkpt>
      <trkpt lat="35.91771" lon="-81.90228">
        <ele>728.48</ele>
      </trkpt>
      <trkpt lat="35.91766" lon="-81.90229">
        <ele>728.19</ele>
      </trkpt>
      <trkpt lat="35.91758" lon="-81.9023">
        <ele>727.0</ele>
      </trkpt>
      <trkpt lat="35.91753" lon="-81.90232">
        <ele>726.27</ele>
      </trkpt>
      <trkpt lat="35.91751" lon="-81.90233">
        <ele>725.94</ele>
      </trkpt>
      <trkpt lat="35.91751" lon="-81.90233">
        <ele>725.94</ele>
      </trkpt>
      <trkpt lat="35.91749" lon="-81.90234">
        <ele>725.51</ele>
      </trkpt>
      <trkpt lat="35.91745" lon="-81.90234">
        <ele>724.65</ele>
      </trkpt>
      <trkpt lat="35.91744" lon="-81.90234">
        <ele>724.43</ele>
      </trkpt>
      <trkpt lat="35.91741" lon="-81.90235">
        <ele>723.68</ele>
      </trkpt>
      <trkpt lat="35.91734" lon="-81.90236">
        <ele>722.78</ele>
      </trkpt>
      <trkpt lat="35.91732" lon="-81.90237">
        <ele>722.46</ele>
      </trkpt>
      <trkpt lat="35.91728" lon="-81.90239">
        <ele>721.13</ele>
      </trkpt>
      <trkpt lat="35.91727" lon="-81.90245">
        <ele>718.25</ele>
      </trkpt>
      <trkpt lat="35.9173" lon="-81.9025">
        <ele>716.52</ele>
      </trkpt>
      <trkpt lat="35.91731" lon="-81.90256">
        <ele>713.02</ele>
      </trkpt>
      <trkpt lat="35.91732" lon="-81.90261">
        <ele>710.55</ele>
      </trkpt>
      <trkpt lat="35.91734" lon="-81.90266">
        <ele>709.36</ele>
      </trkpt>
      <trkpt lat="35.91739" lon="-81.90268">
        <ele>709.79</ele>
      </trkpt>
      <trkpt lat="35.91745" lon="-81.90269">
        <ele>709.84</ele>
      </trkpt>
      <trkpt lat="35.9175" lon="-81.90269">
        <ele>709.84</ele>
      </trkpt>
      <trkpt lat="35.91755" lon="-81.90269">
        <ele>709.36</ele>
      </trkpt>
      <trkpt lat="35.91761" lon="-81.90268">
        <ele>709.14</ele>
      </trkpt>
      <trkpt lat="35.91766" lon="-81.90266">
        <ele>709.22</ele>
      </trkpt>
      <trkpt lat="35.91768" lon="-81.90266">
        <ele>709.05</ele>
      </trkpt>
      <trkpt lat="35.9177" lon="-81.90265">
        <ele>709.06</ele>
      </trkpt>
      <trkpt lat="35.91774" lon="-81.90262">
        <ele>709.42</ele>
      </trkpt>
      <trkpt lat="35.91775" lon="-81.90262">
        <ele>709.49</ele>
      </trkpt>
      <trkpt lat="35.91779" lon="-81.90261">
        <ele>709.81</ele>
      </trkpt>
      <trkpt lat="35.91782" lon="-81.9026">
        <ele>709.92</ele>
      </trkpt>
      <trkpt lat="35.91784" lon="-81.90259">
        <ele>710.15</ele>
      </trkpt>
      <trkpt lat="35.91789" lon="-81.90258">
        <ele>710.44</ele>
      </trkpt>
      <trkpt lat="35.91792" lon="-81.90256">
        <ele>711.04</ele>
      </trkpt>
      <trkpt lat="35.91793" lon="-81.90256">
        <ele>710.89</ele>
      </trkpt>
      <trkpt lat="35.91795" lon="-81.90256">
        <ele>710.6</ele>
      </trkpt>
      <trkpt lat="35.91819" lon="-81.90251">
        <ele>710.81</ele>
      </trkpt>
      <trkpt lat="35.91824" lon="-81.9025">
        <ele>711.98</ele>
      </trkpt>
      <trkpt lat="35.91829" lon="-81.9025">
        <ele>712.0</ele>
      </trkpt>
      <trkpt lat="35.91835" lon="-81.9025">
        <ele>712.18</ele>
      </trkpt>
      <trkpt lat="35.9184" lon="-81.9025">
        <ele>712.72</ele>
      </trkpt>
      <trkpt lat="35.91846" lon="-81.9025">
        <ele>713.0</ele>
      </trkpt>
      <trkpt lat="35.91851" lon="-81.9025">
        <ele>713.0</ele>
      </trkpt>
      <trkpt lat="35.91857" lon="-81.9025">
        <ele>713.0</ele>
      </trkpt>
      <trkpt lat="35.91861" lon="-81.9025">
        <ele>713.0</ele>
      </trkpt>
      <trkpt lat="35.91864" lon="-81.9025">
        <ele>713.31</ele>
      </trkpt>
      <trkpt lat="35.91866" lon="-81.9025">
        <ele>713.53</ele>
      </trkpt>
      <trkpt lat="35.91871" lon="-81.90249">
        <ele>714.58</ele>
      </trkpt>
      <trkpt lat="35.91876" lon="-81.90247">
        <ele>715.34</ele>
      </trkpt>
      <trkpt lat="35.91881" lon="-81.90245">
        <ele>716.0</ele>
      </trkpt>
      <trkpt lat="35.91886" lon="-81.90243">
        <ele>715.98</ele>
      </trkpt>
      <trkpt lat="35.91891" lon="-81.90242">
        <ele>715.82</ele>
      </trkpt>
      <trkpt lat="35.91897" lon="-81.9024">
        <ele>717.52</ele>
      </trkpt>
      <trkpt lat="35.91901" lon="-81.90239">
        <ele>718.87</ele>
      </trkpt>
      <trkpt lat="35.91903" lon="-81.90239">
        <ele>719.13</ele>
      </trkpt>
      <trkpt lat="35.91918" lon="-81.90241">
        <ele>718.72</ele>
      </trkpt>
      <trkpt lat="35.91922" lon="-81.90242">
        <ele>717.82</ele>
      </trkpt>
      <trkpt lat="35.91929" lon="-81.90244">
        <ele>717.14</ele>
      </trkpt>
      <trkpt lat="35.91933" lon="-81.90245">
        <ele>717.34</ele>
      </trkpt>
      <trkpt lat="35.91941" lon="-81.90245">
        <ele>718.33</ele>
      </trkpt>
      <trkpt lat="35.91944" lon="-81.90245">
        <ele>718.65</ele>
      </trkpt>
      <trkpt lat="35.91947" lon="-81.90245">
        <ele>718.55</ele>
      </trkpt>
      <trkpt lat="35.9195" lon="-81.90245">
        <ele>718.38</ele>
      </trkpt>
      <trkpt lat="35.91953" lon="-81.90245">
        <ele>718.2</ele>
      </trkpt>
      <trkpt lat="35.91955" lon="-81.90246">
        <ele>717.93</ele>
      </trkpt>
      <trkpt lat="35.91959" lon="-81.90246">
        <ele>718.55</ele>
      </trkpt>
      <trkpt lat="35.91965" lon="-81.90247">
        <ele>718.84</ele>
      </trkpt>
      <trkpt lat="35.91976" lon="-81.90249">
        <ele>719.36</ele>
      </trkpt>
      <trkpt lat="35.91979" lon="-81.90248">
        <ele>720.54</ele>
      </trkpt>
      <trkpt lat="35.91983" lon="-81.9025">
        <ele>720.16</ele>
      </trkpt>
      <trkpt lat="35.91984" lon="-81.9025">
        <ele>720.27</ele>
      </trkpt>
      <trkpt lat="35.91985" lon="-81.90251">
        <ele>720.06</ele>
      </trkpt>
      <trkpt lat="35.91987" lon="-81.90251">
        <ele>720.27</ele>
      </trkpt>
      <trkpt lat="35.9199" lon="-81.90252">
        <ele>720.27</ele>
      </trkpt>
      <trkpt lat="35.91993" lon="-81.90251">
        <ele>720.89</ele>
      </trkpt>
      <trkpt lat="35.91995" lon="-81.90254">
        <ele>719.97</ele>
      </trkpt>
      <trkpt lat="35.91999" lon="-81.90256">
        <ele>719.37</ele>
      </trkpt>
      <trkpt lat="35.92001" lon="-81.90256">
        <ele>719.48</ele>
      </trkpt>
      <trkpt lat="35.92008" lon="-81.9025">
        <ele>722.0</ele>
      </trkpt>
      <trkpt lat="35.92011" lon="-81.90249">
        <ele>722.26</ele>
      </trkpt>
      <trkpt lat="35.92013" lon="-81.90249">
        <ele>722.07</ele>
      </trkpt>
      <trkpt lat="35.92016" lon="-81.90248">
        <ele>722.29</ele>
      </trkpt>
      <trkpt lat="35.92019" lon="-81.90247">
        <ele>722.57</ele>
      </trkpt>
      <trkpt lat="35.92023" lon="-81.90245">
        <ele>723.22</ele>
      </trkpt>
      <trkpt lat="35.92024" lon="-81.90245">
        <ele>723.11</ele>
      </trkpt>
      <trkpt lat="35.92027" lon="-81.90246">
        <ele>722.24</ele>
      </trkpt>
      <trkpt lat="35.92028" lon="-81.90245">
        <ele>722.7</ele>
      </trkpt>
      <trkpt lat="35.92029" lon="-81.90245">
        <ele>722.69</ele>
      </trkpt>
      <trkpt lat="35.92032" lon="-81.90246">
        <ele>722.22</ele>
      </trkpt>
      <trkpt lat="35.92034" lon="-81.90247">
        <ele>721.86</ele>
      </trkpt>
      <trkpt lat="35.92036" lon="-81.90248">
        <ele>721.58</ele>
      </trkpt>
      <trkpt lat="35.92037" lon="-81.90249">
        <ele>721.32</ele>
      </trkpt>
      <trkpt lat="35.9204" lon="-81.90249">
        <ele>721.36</ele>
      </trkpt>
      <trkpt lat="35.92045" lon="-81.90251">
        <ele>720.98</ele>
      </trkpt>
      <trkpt lat="35.92047" lon="-81.90251">
        <ele>721.14</ele>
      </trkpt>
      <trkpt lat="35.92048" lon="-81.90252">
        <ele>721.29</ele>
      </trkpt>
      <trkpt lat="35.9205" lon="-81.90253">
        <ele>721.54</ele>
      </trkpt>
      <trkpt lat="35.92054" lon="-81.90255">
        <ele>721.77</ele>
      </trkpt>
      <trkpt lat="35.9206" lon="-81.90257">
        <ele>721.61</ele>
      </trkpt>
      <trkpt lat="35.92065" lon="-81.90258">
        <ele>721.43</ele>
      </trkpt>
      <trkpt lat="35.9207" lon="-81.90258">
        <ele>721.97</ele>
      </trkpt>
      <trkpt lat="35.92075" lon="-81.90258">
        <ele>722.52</ele>
      </trkpt>
      <trkpt lat="35.9208" lon="-81.90258">
        <ele>723.14</ele>
      </trkpt>
      <trkpt lat="35.9208" lon="-81.90258">
        <ele>723.14</ele>
      </trkpt>
      <trkpt lat="35.92081" lon="-81.90258">
        <ele>723.26</ele>
      </trkpt>
      <trkpt lat="35.92088" lon="-81.90267">
        <ele>722.83</ele>
      </trkpt>
      <trkpt lat="35.92097" lon="-81.90278">
        <ele>722.39</ele>
      </trkpt>
      <trkpt lat="35.92102" lon="-81.90282">
        <ele>723.14</ele>
      </trkpt>
      <trkpt lat="35.92107" lon="-81.90287">
        <ele>723.68</ele>
      </trkpt>
      <trkpt lat="35.92107" lon="-81.90287">
        <ele>723.68</ele>
      </trkpt>
      <trkpt lat="35.92112" lon="-81.90292">
        <ele>724.07</ele>
      </trkpt>
      <trkpt lat="35.92112" lon="-81.90294">
        <ele>723.62</ele>
      </trkpt>
      <trkpt lat="35.92112" lon="-81.90299">
        <ele>722.8</ele>
      </trkpt>
      <trkpt lat="35.92111" lon="-81.90304">
        <ele>722.15</ele>
      </trkpt>
      <trkpt lat="35.92107" lon="-81.90309">
        <ele>721.72</ele>
      </trkpt>
      <trkpt lat="35.92104" lon="-81.90315">
        <ele>722.02</ele>
      </trkpt>
      <trkpt lat="35.92101" lon="-81.9032">
        <ele>722.66</ele>
      </trkpt>
      <trkpt lat="35.92101" lon="-81.90321">
        <ele>722.79</ele>
      </trkpt>
      <trkpt lat="35.92098" lon="-81.90325">
        <ele>724.07</ele>
      </trkpt>
      <trkpt lat="35.92095" lon="-81.9033">
        <ele>726.23</ele>
      </trkpt>
      <trkpt lat="35.92091" lon="-81.90332">
        <ele>728.21</ele>
      </trkpt>
      <trkpt lat="35.92086" lon="-81.90332">
        <ele>730.21</ele>
      </trkpt>
      <trkpt lat="35.92082" lon="-81.9033">
        <ele>730.59</ele>
      </trkpt>
      <trkpt lat="35.92078" lon="-81.90327">
        <ele>730.52</ele>
      </trkpt>
      <trkpt lat="35.92074" lon="-81.90322">
        <ele>729.9</ele>
      </trkpt>
      <trkpt lat="35.92071" lon="-81.90318">
        <ele>728.82</ele>
      </trkpt>
      <trkpt lat="35.92069" lon="-81.90316">
        <ele>728.69</ele>
      </trkpt>
      <trkpt lat="35.92056" lon="-81.90302">
        <ele>726.67</ele>
      </trkpt>
      <trkpt lat="35.92053" lon="-81.903">
        <ele>725.4</ele>
      </trkpt>
      <trkpt lat="35.9205" lon="-81.90299">
        <ele>724.75</ele>
      </trkpt>
      <trkpt lat="35.92045" lon="-81.90298">
        <ele>724.1</ele>
      </trkpt>
      <trkpt lat="35.9204" lon="-81.90297">
        <ele>723.46</ele>
      </trkpt>
      <trkpt lat="35.92034" lon="-81.90297">
        <ele>723.13</ele>
      </trkpt>
      <trkpt lat="35.9203" lon="-81.90298">
        <ele>723.34</ele>
      </trkpt>
      <trkpt lat="35.92025" lon="-81.90298">
        <ele>722.56</ele>
      </trkpt>
      <trkpt lat="35.92021" lon="-81.90298">
        <ele>721.77</ele>
      </trkpt>
      <trkpt lat="35.92019" lon="-81.90298">
        <ele>721.38</ele>
      </trkpt>
      <trkpt lat="35.92015" lon="-81.90297">
        <ele>721.26</ele>
      </trkpt>
      <trkpt lat="35.92009" lon="-81.90297">
        <ele>722.51</ele>
      </trkpt>
      <trkpt lat="35.92004" lon="-81.90299">
        <ele>724.72</ele>
      </trkpt>
      <trkpt lat="35.9199" lon="-81.90301">
        <ele>727.93</ele>
      </trkpt>
      <trkpt lat="35.91985" lon="-81.90303">
        <ele>728.28</ele>
      </trkpt>
      <trkpt lat="35.91975" lon="-81.90304">
        <ele>729.8</ele>
      </trkpt>
      <trkpt lat="35.91973" lon="-81.90304">
        <ele>730.3</ele>
      </trkpt>
      <trkpt lat="35.91968" lon="-81.90303">
        <ele>732.2</ele>
      </trkpt>
      <trkpt lat="35.91966" lon="-81.90304">
        <ele>733.63</ele>
      </trkpt>
      <trkpt lat="35.91965" lon="-81.90306">
        <ele>735.09</ele>
      </trkpt>
      <trkpt lat="35.91964" lon="-81.90307">
        <ele>736.06</ele>
      </trkpt>
      <trkpt lat="35.91964" lon="-81.90309">
        <ele>736.93</ele>
      </trkpt>
      <trkpt lat="35.91963" lon="-81.9031">
        <ele>737.9</ele>
      </trkpt>
      <trkpt lat="35.91962" lon="-81.90311">
        <ele>738.93</ele>
      </trkpt>
      <trkpt lat="35.91959" lon="-81.90309">
        <ele>739.79</ele>
      </trkpt>
      <trkpt lat="35.91952" lon="-81.90304">
        <ele>739.87</ele>
      </trkpt>
      <trkpt lat="35.91943" lon="-81.90303">
        <ele>739.69</ele>
      </trkpt>
      <trkpt lat="35.91938" lon="-81.90303">
        <ele>738.36</ele>
      </trkpt>
      <trkpt lat="35.9193" lon="-81.90305">
        <ele>737.61</ele>
      </trkpt>
      <trkpt lat="35.91921" lon="-81.90306">
        <ele>736.68</ele>
      </trkpt>
      <trkpt lat="35.9192" lon="-81.90306">
        <ele>736.57</ele>
      </trkpt>
      <trkpt lat="35.91914" lon="-81.90308">
        <ele>736.04</ele>
      </trkpt>
      <trkpt lat="35.9191" lon="-81.90309">
        <ele>734.79</ele>
      </trkpt>
      <trkpt lat="35.91906" lon="-81.90311">
        <ele>733.66</ele>
      </trkpt>
      <trkpt lat="35.91902" lon="-81.90313">
        <ele>732.74</ele>
      </trkpt>
      <trkpt lat="35.91895" lon="-81.90316">
        <ele>732.56</ele>
      </trkpt>
      <trkpt lat="35.9189" lon="-81.90315">
        <ele>732.1</ele>
      </trkpt>
      <trkpt lat="35.91885" lon="-81.90313">
        <ele>732.28</ele>
      </trkpt>
      <trkpt lat="35.91881" lon="-81.90311">
        <ele>732.5</ele>
      </trkpt>
      <trkpt lat="35.91877" lon="-81.9031">
        <ele>732.4</ele>
      </trkpt>
      <trkpt lat="35.91875" lon="-81.90309">
        <ele>731.86</ele>
      </trkpt>
      <trkpt lat="35.91872" lon="-81.90309">
        <ele>731.86</ele>
      </trkpt>
      <trkpt lat="35.91868" lon="-81.90308">
        <ele>731.0</ele>
      </trkpt>
      <trkpt lat="35.91866" lon="-81.90308">
        <ele>730.72</ele>
      </trkpt>
      <trkpt lat="35.91862" lon="-81.90307">
        <ele>729.73</ele>
      </trkpt>
      <trkpt lat="35.91855" lon="-81.90309">
        <ele>729.17</ele>
      </trkpt>
      <trkpt lat="35.91851" lon="-81.90309">
        <ele>728.4</ele>
      </trkpt>
      <trkpt lat="35.91846" lon="-81.90311">
        <ele>728.72</ele>
      </trkpt>
      <trkpt lat="35.91843" lon="-81.90311">
        <ele>728.4</ele>
      </trkpt>
      <trkpt lat="35.9184" lon="-81.9031">
        <ele>728.05</ele>
      </trkpt>
      <trkpt lat="35.91837" lon="-81.9031">
        <ele>728.21</ele>
      </trkpt>
      <trkpt lat="35.91827" lon="-81.9031">
        <ele>728.04</ele>
      </trkpt>
      <trkpt lat="35.91813" lon="-81.90317">
        <ele>728.21</ele>
      </trkpt>
      <trkpt lat="35.91804" lon="-81.90321">
        <ele>728.62</ele>
      </trkpt>
      <trkpt lat="35.91797" lon="-81.90325">
        <ele>729.76</ele>
      </trkpt>
      <trkpt lat="35.91793" lon="-81.90328">
        <ele>730.17</ele>
      </trkpt>
      <trkpt lat="35.91792" lon="-81.90329">
        <ele>730.31</ele>
      </trkpt>
      <trkpt lat="35.9179" lon="-81.9033">
        <ele>729.93</ele>
      </trkpt>
      <trkpt lat="35.91789" lon="-81.90335">
        <ele>731.68</ele>
      </trkpt>
      <trkpt lat="35.91786" lon="-81.90342">
        <ele>732.25</ele>
      </trkpt>
      <trkpt lat="35.9178" lon="-81.90353">
        <ele>731.67</ele>
      </trkpt>
      <trkpt lat="35.91774" lon="-81.90357">
        <ele>732.0</ele>
      </trkpt>
      <trkpt lat="35.91767" lon="-81.90357">
        <ele>732.23</ele>
      </trkpt>
      <trkpt lat="35.91763" lon="-81.90357">
        <ele>733.72</ele>
      </trkpt>
      <trkpt lat="35.91761" lon="-81.90354">
        <ele>733.76</ele>
      </trkpt>
      <trkpt lat="35.91759" lon="-81.90353">
        <ele>734.42</ele>
      </trkpt>
      <trkpt lat="35.91758" lon="-81.9035">
        <ele>733.96</ele>
      </trkpt>
      <trkpt lat="35.91754" lon="-81.90345">
        <ele>733.61</ele>
      </trkpt>
      <trkpt lat="35.91753" lon="-81.90343">
        <ele>732.94</ele>
      </trkpt>
      <trkpt lat="35.91747" lon="-81.90339">
        <ele>732.84</ele>
      </trkpt>
      <trkpt lat="35.91741" lon="-81.90336">
        <ele>732.92</ele>
      </trkpt>
      <trkpt lat="35.91736" lon="-81.90336">
        <ele>734.04</ele>
      </trkpt>
      <trkpt lat="35.91733" lon="-81.90337">
        <ele>735.44</ele>
      </trkpt>
      <trkpt lat="35.91731" lon="-81.90337">
        <ele>735.82</ele>
      </trkpt>
      <trkpt lat="35.91725" lon="-81.90338">
        <ele>737.23</ele>
      </trkpt>
      <trkpt lat="35.91723" lon="-81.90338">
        <ele>737.44</ele>
      </trkpt>
      <trkpt lat="35.91721" lon="-81.90339">
        <ele>738.34</ele>
      </trkpt>
      <trkpt lat="35.91718" lon="-81.90339">
        <ele>738.46</ele>
      </trkpt>
      <trkpt lat="35.91712" lon="-81.90342">
        <ele>740.73</ele>
      </trkpt>
      <trkpt lat="35.91709" lon="-81.90342">
        <ele>741.07</ele>
      </trkpt>
      <trkpt lat="35.91703" lon="-81.90341">
        <ele>741.37</ele>
      </trkpt>
      <trkpt lat="35.917" lon="-81.9034">
        <ele>741.8</ele>
      </trkpt>
      <trkpt lat="35.91688" lon="-81.90333">
        <ele>743.3</ele>
      </trkpt>
      <trkpt lat="35.9168" lon="-81.90329">
        <ele>745.53</ele>
      </trkpt>
      <trkpt lat="35.91676" lon="-81.90327">
        <ele>745.81</ele>
      </trkpt>
      <trkpt lat="35.91672" lon="-81.90324">
        <ele>747.6</ele>
      </trkpt>
      <trkpt lat="35.91668" lon="-81.9032">
        <ele>748.58</ele>
      </trkpt>
      <trkpt lat="35.91664" lon="-81.90317">
        <ele>747.48</ele>
      </trkpt>
      <trkpt lat="35.91662" lon="-81.90315">
        <ele>745.69</ele>
      </trkpt>
      <trkpt lat="35.91639" lon="-81.90303">
        <ele>740.86</ele>
      </trkpt>
      <trkpt lat="35.91636" lon="-81.90302">
        <ele>741.76</ele>
      </trkpt>
      <trkpt lat="35.91628" lon="-81.903">
        <ele>744.93</ele>
      </trkpt>
      <trkpt lat="35.91626" lon="-81.90299">
        <ele>745.47</ele>
      </trkpt>
      <trkpt lat="35.91625" lon="-81.90297">
        <ele>745.58</ele>
      </trkpt>
      <trkpt lat="35.91623" lon="-81.90293">
        <ele>745.95</ele>
      </trkpt>
      <trkpt lat="35.91621" lon="-81.90285">
        <ele>745.97</ele>
      </trkpt>
      <trkpt lat="35.91615" lon="-81.90276">
        <ele>744.89</ele>
      </trkpt>
      <trkpt lat="35.9161" lon="-81.90271">
        <ele>743.86</ele>
      </trkpt>
      <trkpt lat="35.91608" lon="-81.9027">
        <ele>743.02</ele>
      </trkpt>
      <trkpt lat="35.91604" lon="-81.90268">
        <ele>741.2</ele>
      </trkpt>
      <trkpt lat="35.916" lon="-81.90266">
        <ele>739.13</ele>
      </trkpt>
      <trkpt lat="35.91595" lon="-81.90266">
        <ele>737.76</ele>
      </trkpt>
      <trkpt lat="35.91587" lon="-81.90262">
        <ele>733.29</ele>
      </trkpt>
      <trkpt lat="35.91581" lon="-81.90263">
        <ele>732.67</ele>
      </trkpt>
      <trkpt lat="35.91573" lon="-81.90264">
        <ele>731.02</ele>
      </trkpt>
      <trkpt lat="35.91566" lon="-81.90265">
        <ele>731.39</ele>
      </trkpt>
      <trkpt lat="35.91563" lon="-81.90265">
        <ele>731.22</ele>
      </trkpt>
      <trkpt lat="35.91558" lon="-81.90265">
        <ele>730.88</ele>
      </trkpt>
      <trkpt lat="35.91553" lon="-81.90266">
        <ele>730.49</ele>
      </trkpt>
      <trkpt lat="35.91548" lon="-81.90268">
        <ele>729.54</ele>
      </trkpt>
      <trkpt lat="35.91545" lon="-81.9027">
        <ele>728.6</ele>
      </trkpt>
      <trkpt lat="35.91544" lon="-81.90274">
        <ele>728.8</ele>
      </trkpt>
      <trkpt lat="35.91543" lon="-81.90278">
        <ele>728.86</ele>
      </trkpt>
      <trkpt lat="35.91543" lon="-81.90284">
        <ele>728.86</ele>
      </trkpt>
      <trkpt lat="35.91544" lon="-81.90292">
        <ele>729.24</ele>
      </trkpt>
      <trkpt lat="35.91544" lon="-81.90295">
        <ele>729.08</ele>
      </trkpt>
      <trkpt lat="35.91542" lon="-81.90298">
        <ele>728.23</ele>
      </trkpt>
      <trkpt lat="35.9154" lon="-81.90301">
        <ele>727.63</ele>
      </trkpt>
      <trkpt lat="35.91536" lon="-81.90303">
        <ele>726.47</ele>
      </trkpt>
      <trkpt lat="35.9153" lon="-81.90308">
        <ele>726.01</ele>
      </trkpt>
      <trkpt lat="35.91525" lon="-81.90309">
        <ele>725.78</ele>
      </trkpt>
      <trkpt lat="35.91518" lon="-81.90305">
        <ele>723.93</ele>
      </trkpt>
      <trkpt lat="35.91511" lon="-81.90298">
        <ele>723.18</ele>
      </trkpt>
      <trkpt lat="35.91506" lon="-81.90295">
        <ele>723.23</ele>
      </trkpt>
      <trkpt lat="35.91502" lon="-81.90292">
        <ele>722.81</ele>
      </trkpt>
      <trkpt lat="35.91499" lon="-81.90288">
        <ele>721.55</ele>
      </trkpt>
      <trkpt lat="35.91494" lon="-81.90285">
        <ele>720.77</ele>
      </trkpt>
      <trkpt lat="35.91486" lon="-81.9028">
        <ele>718.57</ele>
      </trkpt>
      <trkpt lat="35.9148" lon="-81.90281">
        <ele>718.48</ele>
      </trkpt>
      <trkpt lat="35.91473" lon="-81.90285">
        <ele>719.78</ele>
      </trkpt>
      <trkpt lat="35.91469" lon="-81.90286">
        <ele>719.59</ele>
      </trkpt>
      <trkpt lat="35.91463" lon="-81.9029">
        <ele>719.97</ele>
      </trkpt>
      <trkpt lat="35.9146" lon="-81.90293">
        <ele>719.65</ele>
      </trkpt>
      <trkpt lat="35.91458" lon="-81.90294">
        <ele>719.11</ele>
      </trkpt>
      <trkpt lat="35.91453" lon="-81.90302">
        <ele>718.9</ele>
      </trkpt>
      <trkpt lat="35.91446" lon="-81.90319">
        <ele>719.65</ele>
      </trkpt>
      <trkpt lat="35.91443" lon="-81.90322">
        <ele>719.24</ele>
      </trkpt>
      <trkpt lat="35.91439" lon="-81.90326">
        <ele>719.24</ele>
      </trkpt>
      <trkpt lat="35.91436" lon="-81.90326">
        <ele>718.59</ele>
      </trkpt>
      <trkpt lat="35.91433" lon="-81.90327">
        <ele>718.71</ele>
      </trkpt>
      <trkpt lat="35.9143" lon="-81.90326">
        <ele>718.53</ele>
      </trkpt>
      <trkpt lat="35.91426" lon="-81.90323">
        <ele>717.65</ele>
      </trkpt>
      <trkpt lat="35.91421" lon="-81.9032">
        <ele>718.28</ele>
      </trkpt>
      <trkpt lat="35.91417" lon="-81.90316">
        <ele>718.28</ele>
      </trkpt>
      <trkpt lat="35.91415" lon="-81.90314">
        <ele>718.64</ele>
      </trkpt>
      <trkpt lat="35.91412" lon="-81.90309">
        <ele>717.88</ele>
      </trkpt>
      <trkpt lat="35.91407" lon="-81.90304">
        <ele>717.96</ele>
      </trkpt>
      <trkpt lat="35.91403" lon="-81.90302">
        <ele>717.92</ele>
      </trkpt>
      <trkpt lat="35.91396" lon="-81.90302">
        <ele>719.79</ele>
      </trkpt>
      <trkpt lat="35.91392" lon="-81.90304">
        <ele>721.1</ele>
      </trkpt>
      <trkpt lat="35.91388" lon="-81.90305">
        <ele>722.07</ele>
      </trkpt>
      <trkpt lat="35.91384" lon="-81.90304">
        <ele>723.09</ele>
      </trkpt>
      <trkpt lat="35.91373" lon="-81.90299">
        <ele>722.77</ele>
      </trkpt>
      <trkpt lat="35.91371" lon="-81.90299">
        <ele>723.3</ele>
      </trkpt>
      <trkpt lat="35.91369" lon="-81.90299">
        <ele>722.82</ele>
      </trkpt>
      <trkpt lat="35.91366" lon="-81.90302">
        <ele>722.9</ele>
      </trkpt>
      <trkpt lat="35.91363" lon="-81.90302">
        <ele>721.41</ele>
      </trkpt>
      <trkpt lat="35.9136" lon="-81.90304">
        <ele>721.11</ele>
      </trkpt>
      <trkpt lat="35.91354" lon="-81.90305">
        <ele>720.27</ele>
      </trkpt>
      <trkpt lat="35.9135" lon="-81.90306">
        <ele>720.53</ele>
      </trkpt>
      <trkpt lat="35.91347" lon="-81.90305">
        <ele>720.84</ele>
      </trkpt>
      <trkpt lat="35.91345" lon="-81.90304">
        <ele>720.85</ele>
      </trkpt>
      <trkpt lat="35.91343" lon="-81.90303">
        <ele>720.82</ele>
      </trkpt>
      <trkpt lat="35.9134" lon="-81.90299">
        <ele>720.29</ele>
      </trkpt>
      <trkpt lat="35.91337" lon="-81.90296">
        <ele>720.32</ele>
      </trkpt>
      <trkpt lat="35.91336" lon="-81.90294">
        <ele>720.1</ele>
      </trkpt>
      <trkpt lat="35.91334" lon="-81.90291">
        <ele>720.0</ele>
      </trkpt>
      <trkpt lat="35.91332" lon="-81.90289">
        <ele>720.58</ele>
      </trkpt>
      <trkpt lat="35.91331" lon="-81.90287">
        <ele>720.76</ele>
      </trkpt>
      <trkpt lat="35.9133" lon="-81.90286">
        <ele>721.34</ele>
      </trkpt>
      <trkpt lat="35.91327" lon="-81.90283">
        <ele>723.21</ele>
      </trkpt>
      <trkpt lat="35.91325" lon="-81.90277">
        <ele>724.18</ele>
      </trkpt>
      <trkpt lat="35.91325" lon="-81.90274">
        <ele>724.12</ele>
      </trkpt>
      <trkpt lat="35.91327" lon="-81.90267">
        <ele>721.84</ele>
      </trkpt>
      <trkpt lat="35.91327" lon="-81.90264">
        <ele>721.84</ele>
      </trkpt>
      <trkpt lat="35.91326" lon="-81.90258">
        <ele>722.78</ele>
      </trkpt>
      <trkpt lat="35.91326" lon="-81.9025">
        <ele>721.92</ele>
      </trkpt>
      <trkpt lat="35.91325" lon="-81.90246">
        <ele>722.18</ele>
      </trkpt>
      <trkpt lat="35.91325" lon="-81.90233">
        <ele>717.84</ele>
      </trkpt>
      <trkpt lat="35.91324" lon="-81.90231">
        <ele>717.86</ele>
      </trkpt>
      <trkpt lat="35.91323" lon="-81.90223">
        <ele>715.26</ele>
      </trkpt>
      <trkpt lat="35.91321" lon="-81.90215">
        <ele>712.5</ele>
      </trkpt>
      <trkpt lat="35.91318" lon="-81.90212">
        <ele>712.9</ele>
      </trkpt>
      <trkpt lat="35.91317" lon="-81.90211">
        <ele>712.91</ele>
      </trkpt>
      <trkpt lat="35.91313" lon="-81.90201">
        <ele>707.41</ele>
      </trkpt>
      <trkpt lat="35.91311" lon="-81.90198">
        <ele>705.77</ele>
      </trkpt>
      <trkpt lat="35.91309" lon="-81.90196">
        <ele>705.17</ele>
      </trkpt>
      <trkpt lat="35.91307" lon="-81.90193">
        <ele>703.53</ele>
      </trkpt>
      <trkpt lat="35.91304" lon="-81.90188">
        <ele>700.28</ele>
      </trkpt>
      <trkpt lat="35.913" lon="-81.90183">
        <ele>697.92</ele>
      </trkpt>
      <trkpt lat="35.91297" lon="-81.90181">
        <ele>697.58</ele>
      </trkpt>
      <trkpt lat="35.91294" lon="-81.9018">
        <ele>698.38</ele>
      </trkpt>
      <trkpt lat="35.91289" lon="-81.9018">
        <ele>701.98</ele>
      </trkpt>
      <trkpt lat="35.91285" lon="-81.9018">
        <ele>703.48</ele>
      </trkpt>
      <trkpt lat="35.91284" lon="-81.9018">
        <ele>703.52</ele>
      </trkpt>
      <trkpt lat="35.91279" lon="-81.90181">
        <ele>704.23</ele>
      </trkpt>
      <trkpt lat="35.91271" lon="-81.90182">
        <ele>702.43</ele>
      </trkpt>
      <trkpt lat="35.91264" lon="-81.90181">
        <ele>700.22</ele>
      </trkpt>
      <trkpt lat="35.91261" lon="-81.9018">
        <ele>699.14</ele>
      </trkpt>
      <trkpt lat="35.9126" lon="-81.90179">
        <ele>698.49</ele>
      </trkpt>
      <trkpt lat="35.91262" lon="-81.90176">
        <ele>697.62</ele>
      </trkpt>
      <trkpt lat="35.91265" lon="-81.90173">
        <ele>696.86</ele>
      </trkpt>
      <trkpt lat="35.91273" lon="-81.90164">
        <ele>692.51</ele>
      </trkpt>
      <trkpt lat="35.91274" lon="-81.90162">
        <ele>689.79</ele>
      </trkpt>
      <trkpt lat="35.91274" lon="-81.90161">
        <ele>688.55</ele>
      </trkpt>
      <trkpt lat="35.91274" lon="-81.90161">
        <ele>688.55</ele>
      </trkpt>
      <trkpt lat="35.91269" lon="-81.90158">
        <ele>689.84</ele>
      </trkpt>
      <trkpt lat="35.91263" lon="-81.90157">
        <ele>688.39</ele>
      </trkpt>
      <trkpt lat="35.91258" lon="-81.90156">
        <ele>686.73</ele>
      </trkpt>
      <trkpt lat="35.91248" lon="-81.90155">
        <ele>685.02</ele>
      </trkpt>
      <trkpt lat="35.91243" lon="-81.90153">
        <ele>684.46</ele>
      </trkpt>
      <trkpt lat="35.91241" lon="-81.90152">
        <ele>684.23</ele>
      </trkpt>
      <trkpt lat="35.91238" lon="-81.90147">
        <ele>682.54</ele>
      </trkpt>
      <trkpt lat="35.91235" lon="-81.90145">
        <ele>681.85</ele>
      </trkpt>
      <trkpt lat="35.91228" lon="-81.90142">
        <ele>681.38</ele>
      </trkpt>
      <trkpt lat="35.91222" lon="-81.90138">
        <ele>680.62</ele>
      </trkpt>
      <trkpt lat="35.91219" lon="-81.90135">
        <ele>679.47</ele>
      </trkpt>
      <trkpt lat="35.91217" lon="-81.90134">
        <ele>679.19</ele>
      </trkpt>
      <trkpt lat="35.91212" lon="-81.9013">
        <ele>678.22</ele>
      </trkpt>
      <trkpt lat="35.91203" lon="-81.90125">
        <ele>678.11</ele>
      </trkpt>
      <trkpt lat="35.91197" lon="-81.90123">
        <ele>678.5</ele>
      </trkpt>
      <trkpt lat="35.91193" lon="-81.90121">
        <ele>678.65</ele>
      </trkpt>
      <trkpt lat="35.91192" lon="-81.9012">
        <ele>678.71</ele>
      </trkpt>
      <trkpt lat="35.9119" lon="-81.90119">
        <ele>679.14</ele>
      </trkpt>
      <trkpt lat="35.91186" lon="-81.90115">
        <ele>679.58</ele>
      </trkpt>
      <trkpt lat="35.91183" lon="-81.90114">
        <ele>679.79</ele>
      </trkpt>
      <trkpt lat="35.9118" lon="-81.90113">
        <ele>679.85</ele>
      </trkpt>
      <trkpt lat="35.91177" lon="-81.90112">
        <ele>679.99</ele>
      </trkpt>
      <trkpt lat="35.91173" lon="-81.90108">
        <ele>679.98</ele>
      </trkpt>
      <trkpt lat="35.91169" lon="-81.90105">
        <ele>680.09</ele>
      </trkpt>
      <trkpt lat="35.91165" lon="-81.90101">
        <ele>679.83</ele>
      </trkpt>
      <trkpt lat="35.91161" lon="-81.90097">
        <ele>679.27</ele>
      </trkpt>
      <trkpt lat="35.91158" lon="-81.90092">
        <ele>678.81</ele>
      </trkpt>
      <trkpt lat="35.91158" lon="-81.90088">
        <ele>677.94</ele>
      </trkpt>
      <trkpt lat="35.91157" lon="-81.90084">
        <ele>677.19</ele>
      </trkpt>
      <trkpt lat="35.91155" lon="-81.9008">
        <ele>676.18</ele>
      </trkpt>
      <trkpt lat="35.91151" lon="-81.90074">
        <ele>674.67</ele>
      </trkpt>
      <trkpt lat="35.91144" lon="-81.9007">
        <ele>674.82</ele>
      </trkpt>
      <trkpt lat="35.91141" lon="-81.90067">
        <ele>674.43</ele>
      </trkpt>
      <trkpt lat="35.9114" lon="-81.90063">
        <ele>673.46</ele>
      </trkpt>
      <trkpt lat="35.91136" lon="-81.90057">
        <ele>672.94</ele>
      </trkpt>
      <trkpt lat="35.91136" lon="-81.90057">
        <ele>672.94</ele>
      </trkpt>
      <trkpt lat="35.91127" lon="-81.90051">
        <ele>672.95</ele>
      </trkpt>
      <trkpt lat="35.91125" lon="-81.90049">
        <ele>672.73</ele>
      </trkpt>
      <trkpt lat="35.91118" lon="-81.90046">
        <ele>673.14</ele>
      </trkpt>
      <trkpt lat="35.91115" lon="-81.90045">
        <ele>673.18</ele>
      </trkpt>
      <trkpt lat="35.91112" lon="-81.90044">
        <ele>673.36</ele>
      </trkpt>
      <trkpt lat="35.9111" lon="-81.90043">
        <ele>673.33</ele>
      </trkpt>
      <trkpt lat="35.91107" lon="-81.90042">
        <ele>673.28</ele>
      </trkpt>
      <trkpt lat="35.91104" lon="-81.90041">
        <ele>673.3</ele>
      </trkpt>
      <trkpt lat="35.91103" lon="-81.90041">
        <ele>673.36</ele>
      </trkpt>
      <trkpt lat="35.911" lon="-81.90041">
        <ele>673.43</ele>
      </trkpt>
      <trkpt lat="35.91098" lon="-81.90042">
        <ele>673.54</ele>
      </trkpt>
      <trkpt lat="35.91094" lon="-81.90047">
        <ele>674.01</ele>
      </trkpt>
      <trkpt lat="35.91091" lon="-81.9005">
        <ele>673.9</ele>
      </trkpt>
      <trkpt lat="35.91087" lon="-81.90054">
        <ele>673.9</ele>
      </trkpt>
      <trkpt lat="35.91082" lon="-81.90056">
        <ele>673.95</ele>
      </trkpt>
      <trkpt lat="35.91075" lon="-81.90059">
        <ele>673.84</ele>
      </trkpt>
      <trkpt lat="35.91069" lon="-81.9006">
        <ele>674.51</ele>
      </trkpt>
      <trkpt lat="35.91061" lon="-81.90061">
        <ele>675.42</ele>
      </trkpt>
      <trkpt lat="35.91057" lon="-81.9006">
        <ele>675.37</ele>
      </trkpt>
      <trkpt lat="35.91052" lon="-81.9006">
        <ele>675.26</ele>
      </trkpt>
      <trkpt lat="35.91048" lon="-81.90061">
        <ele>675.28</ele>
      </trkpt>
      <trkpt lat="35.91044" lon="-81.90061">
        <ele>674.93</ele>
      </trkpt>
      <trkpt lat="35.91041" lon="-81.90063">
        <ele>675.04</ele>
      </trkpt>
      <trkpt lat="35.91038" lon="-81.90065">
        <ele>675.14</ele>
      </trkpt>
      <trkpt lat="35.91034" lon="-81.90067">
        <ele>675.47</ele>
      </trkpt>
      <trkpt lat="35.91031" lon="-81.90067">
        <ele>675.47</ele>
      </trkpt>
      <trkpt lat="35.91023" lon="-81.90069">
        <ele>676.42</ele>
      </trkpt>
      <trkpt lat="35.91019" lon="-81.90068">
        <ele>676.64</ele>
      </trkpt>
      <trkpt lat="35.91016" lon="-81.90069">
        <ele>676.9</ele>
      </trkpt>
      <trkpt lat="35.91014" lon="-81.90069">
        <ele>676.9</ele>
      </trkpt>
      <trkpt lat="35.9101" lon="-81.90069">
        <ele>676.9</ele>
      </trkpt>
      <trkpt lat="35.91006" lon="-81.90068">
        <ele>677.04</ele>
      </trkpt>
      <trkpt lat="35.90997" lon="-81.90068">
        <ele>677.69</ele>
      </trkpt>
      <trkpt lat="35.90983" lon="-81.90072">
        <ele>677.72</ele>
      </trkpt>
      <trkpt lat="35.90972" lon="-81.90072">
        <ele>678.58</ele>
      </trkpt>
      <trkpt lat="35.90965" lon="-81.90068">
        <ele>678.47</ele>
      </trkpt>
      <trkpt lat="35.9096" lon="-81.90066">
        <ele>678.66</ele>
      </trkpt>
      <trkpt lat="35.90956" lon="-81.90064">
        <ele>678.49</ele>
      </trkpt>
      <trkpt lat="35.90954" lon="-81.90063">
        <ele>678.38</ele>
      </trkpt>
      <trkpt lat="35.90951" lon="-81.90061">
        <ele>678.81</ele>
      </trkpt>
      <trkpt lat="35.90948" lon="-81.90059">
        <ele>679.19</ele>
      </trkpt>
      <trkpt lat="35.90945" lon="-81.90056">
        <ele>679.01</ele>
      </trkpt>
      <trkpt lat="35.90936" lon="-81.9005">
        <ele>682.12</ele>
      </trkpt>
      <trkpt lat="35.90928" lon="-81.90049">
        <ele>684.4</ele>
      </trkpt>
      <trkpt lat="35.90912" lon="-81.90044">
        <ele>684.78</ele>
      </trkpt>
      <trkpt lat="35.90906" lon="-81.90043">
        <ele>685.66</ele>
      </trkpt>
      <trkpt lat="35.90898" lon="-81.90044">
        <ele>687.21</ele>
      </trkpt>
      <trkpt lat="35.9089" lon="-81.90049">
        <ele>686.43</ele>
      </trkpt>
      <trkpt lat="35.90884" lon="-81.90053">
        <ele>684.39</ele>
      </trkpt>
      <trkpt lat="35.90878" lon="-81.90058">
        <ele>683.53</ele>
      </trkpt>
      <trkpt lat="35.90874" lon="-81.90062">
        <ele>683.96</ele>
      </trkpt>
      <trkpt lat="35.90874" lon="-81.90062">
        <ele>683.96</ele>
      </trkpt>
      <trkpt lat="35.9087" lon="-81.90066">
        <ele>684.3</ele>
      </trkpt>
      <trkpt lat="35.90866" lon="-81.90073">
        <ele>685.71</ele>
      </trkpt>
      <trkpt lat="35.90864" lon="-81.90075">
        <ele>685.96</ele>
      </trkpt>
      <trkpt lat="35.90858" lon="-81.90076">
        <ele>685.62</ele>
      </trkpt>
      <trkpt lat="35.90851" lon="-81.90077">
        <ele>686.19</ele>
      </trkpt>
      <trkpt lat="35.90848" lon="-81.90074">
        <ele>686.23</ele>
      </trkpt>
      <trkpt lat="35.90845" lon="-81.90068">
        <ele>686.22</ele>
      </trkpt>
      <trkpt lat="35.90843" lon="-81.90063">
        <ele>686.39</ele>
      </trkpt>
      <trkpt lat="35.90841" lon="-81.90057">
        <ele>686.2</ele>
      </trkpt>
      <trkpt lat="35.90841" lon="-81.90053">
        <ele>685.68</ele>
      </trkpt>
      <trkpt lat="35.9084" lon="-81.90048">
        <ele>686.04</ele>
      </trkpt>
      <trkpt lat="35.90834" lon="-81.90034">
        <ele>689.86</ele>
      </trkpt>
      <trkpt lat="35.90834" lon="-81.9003">
        <ele>689.03</ele>
      </trkpt>
      <trkpt lat="35.90832" lon="-81.90023">
        <ele>686.85</ele>
      </trkpt>
      <trkpt lat="35.90829" lon="-81.9002">
        <ele>685.89</ele>
      </trkpt>
      <trkpt lat="35.90828" lon="-81.90018">
        <ele>684.75</ele>
      </trkpt>
      <trkpt lat="35.90823" lon="-81.90016">
        <ele>684.0</ele>
      </trkpt>
      <trkpt lat="35.9082" lon="-81.90015">
        <ele>683.73</ele>
      </trkpt>
      <trkpt lat="35.90817" lon="-81.90014">
        <ele>683.61</ele>
      </trkpt>
      <trkpt lat="35.90814" lon="-81.90013">
        <ele>684.06</ele>
      </trkpt>
      <trkpt lat="35.90811" lon="-81.9001">
        <ele>684.71</ele>
      </trkpt>
      <trkpt lat="35.90808" lon="-81.90005">
        <ele>684.25</ele>
      </trkpt>
      <trkpt lat="35.90805" lon="-81.89994">
        <ele>678.72</ele>
      </trkpt>
      <trkpt lat="35.90803" lon="-81.89992">
        <ele>678.26</ele>
      </trkpt>
      <trkpt lat="35.90794" lon="-81.89989">
        <ele>680.21</ele>
      </trkpt>
      <trkpt lat="35.9079" lon="-81.89987">
        <ele>679.81</ele>
      </trkpt>
      <trkpt lat="35.90787" lon="-81.89984">
        <ele>679.1</ele>
      </trkpt>
      <trkpt lat="35.90785" lon="-81.89981">
        <ele>678.44</ele>
      </trkpt>
      <trkpt lat="35.90778" lon="-81.89976">
        <ele>677.98</ele>
      </trkpt>
      <trkpt lat="35.90776" lon="-81.89974">
        <ele>677.19</ele>
      </trkpt>
      <trkpt lat="35.90769" lon="-81.89969">
        <ele>675.19</ele>
      </trkpt>
      <trkpt lat="35.90765" lon="-81.89965">
        <ele>674.24</ele>
      </trkpt>
      <trkpt lat="35.9076" lon="-81.89962">
        <ele>674.24</ele>
      </trkpt>
      <trkpt lat="35.90758" lon="-81.89962">
        <ele>674.48</ele>
      </trkpt>
      <trkpt lat="35.90751" lon="-81.89962">
        <ele>674.48</ele>
      </trkpt>
      <trkpt lat="35.90749" lon="-81.89962">
        <ele>674.07</ele>
      </trkpt>
      <trkpt lat="35.90747" lon="-81.89963">
        <ele>673.72</ele>
      </trkpt>
      <trkpt lat="35.90745" lon="-81.89965">
        <ele>673.6</ele>
      </trkpt>
      <trkpt lat="35.90742" lon="-81.89968">
        <ele>673.25</ele>
      </trkpt>
      <trkpt lat="35.90738" lon="-81.89972">
        <ele>672.75</ele>
      </trkpt>
      <trkpt lat="35.90728" lon="-81.89977">
        <ele>671.55</ele>
      </trkpt>
      <trkpt lat="35.90726" lon="-81.89977">
        <ele>671.55</ele>
      </trkpt>
      <trkpt lat="35.90723" lon="-81.89977">
        <ele>671.55</ele>
      </trkpt>
      <trkpt lat="35.9072" lon="-81.89976">
        <ele>671.7</ele>
      </trkpt>
      <trkpt lat="35.90711" lon="-81.89968">
        <ele>670.5</ele>
      </trkpt>
      <trkpt lat="35.90704" lon="-81.89964">
        <ele>669.52</ele>
      </trkpt>
      <trkpt lat="35.90695" lon="-81.89964">
        <ele>669.67</ele>
      </trkpt>
      <trkpt lat="35.90689" lon="-81.89962">
        <ele>667.73</ele>
      </trkpt>
      <trkpt lat="35.90684" lon="-81.89963">
        <ele>667.9</ele>
      </trkpt>
      <trkpt lat="35.9068" lon="-81.89963">
        <ele>667.47</ele>
      </trkpt>
      <trkpt lat="35.90678" lon="-81.89963">
        <ele>667.25</ele>
      </trkpt>
      <trkpt lat="35.90677" lon="-81.89963">
        <ele>667.14</ele>
      </trkpt>
      <trkpt lat="35.90676" lon="-81.89964">
        <ele>667.68</ele>
      </trkpt>
      <trkpt lat="35.90662" lon="-81.89967">
        <ele>668.9</ele>
      </trkpt>
      <trkpt lat="35.90661" lon="-81.89967">
        <ele>668.96</ele>
      </trkpt>
      <trkpt lat="35.90653" lon="-81.89966">
        <ele>669.43</ele>
      </trkpt>
      <trkpt lat="35.90649" lon="-81.89963">
        <ele>667.94</ele>
      </trkpt>
      <trkpt lat="35.90645" lon="-81.89962">
        <ele>667.92</ele>
      </trkpt>
      <trkpt lat="35.90642" lon="-81.89961">
        <ele>667.91</ele>
      </trkpt>
      <trkpt lat="35.90639" lon="-81.89959">
        <ele>667.4</ele>
      </trkpt>
      <trkpt lat="35.90636" lon="-81.89958">
        <ele>667.26</ele>
      </trkpt>
      <trkpt lat="35.90624" lon="-81.89951">
        <ele>665.21</ele>
      </trkpt>
      <trkpt lat="35.9062" lon="-81.8995">
        <ele>665.4</ele>
      </trkpt>
      <trkpt lat="35.9062" lon="-81.8995">
        <ele>665.4</ele>
      </trkpt>
      <trkpt lat="35.90619" lon="-81.89948">
        <ele>664.54</ele>
      </trkpt>
      <trkpt lat="35.90617" lon="-81.89948">
        <ele>664.54</ele>
      </trkpt>
      <trkpt lat="35.90613" lon="-81.89945">
        <ele>663.24</ele>
      </trkpt>
      <trkpt lat="35.90612" lon="-81.89945">
        <ele>663.24</ele>
      </trkpt>
      <trkpt lat="35.9061" lon="-81.89944">
        <ele>663.04</ele>
      </trkpt>
      <trkpt lat="35.9061" lon="-81.89942">
        <ele>662.15</ele>
      </trkpt>
      <trkpt lat="35.90606" lon="-81.89938">
        <ele>660.94</ele>
      </trkpt>
      <trkpt lat="35.90604" lon="-81.89938">
        <ele>661.22</ele>
      </trkpt>
      <trkpt lat="35.90601" lon="-81.89936">
        <ele>660.81</ele>
      </trkpt>
      <trkpt lat="35.90599" lon="-81.89934">
        <ele>660.38</ele>
      </trkpt>
      <trkpt lat="35.90598" lon="-81.89932">
        <ele>659.4</ele>
      </trkpt>
      <trkpt lat="35.90595" lon="-81.8993">
        <ele>659.45</ele>
      </trkpt>
      <trkpt lat="35.90592" lon="-81.89927">
        <ele>659.19</ele>
      </trkpt>
      <trkpt lat="35.90593" lon="-81.89926">
        <ele>657.83</ele>
      </trkpt>
      <trkpt lat="35.9059" lon="-81.89923">
        <ele>658.34</ele>
      </trkpt>
      <trkpt lat="35.90588" lon="-81.8992">
        <ele>658.13</ele>
      </trkpt>
      <trkpt lat="35.90585" lon="-81.89917">
        <ele>658.78</ele>
      </trkpt>
      <trkpt lat="35.90583" lon="-81.89914">
        <ele>658.27</ele>
      </trkpt>
      <trkpt lat="35.90581" lon="-81.89912">
        <ele>658.49</ele>
      </trkpt>
      <trkpt lat="35.90579" lon="-81.89907">
        <ele>656.46</ele>
      </trkpt>
      <trkpt lat="35.90576" lon="-81.89904">
        <ele>656.84</ele>
      </trkpt>
      <trkpt lat="35.90571" lon="-81.89897">
        <ele>655.46</ele>
      </trkpt>
      <trkpt lat="35.90564" lon="-81.89891">
        <ele>656.28</ele>
      </trkpt>
      <trkpt lat="35.90563" lon="-81.89889">
        <ele>655.65</ele>
      </trkpt>
      <trkpt lat="35.90559" lon="-81.89886">
        <ele>657.15</ele>
      </trkpt>
      <trkpt lat="35.90557" lon="-81.89883">
        <ele>656.94</ele>
      </trkpt>
      <trkpt lat="35.90554" lon="-81.89879">
        <ele>656.99</ele>
      </trkpt>
      <trkpt lat="35.90548" lon="-81.89875">
        <ele>659.62</ele>
      </trkpt>
      <trkpt lat="35.90546" lon="-81.89873">
        <ele>659.94</ele>
      </trkpt>
      <trkpt lat="35.90546" lon="-81.8987">
        <ele>658.1</ele>
      </trkpt>
      <trkpt lat="35.90543" lon="-81.89866">
        <ele>659.13</ele>
      </trkpt>
      <trkpt lat="35.9054" lon="-81.89856">
        <ele>657.91</ele>
      </trkpt>
      <trkpt lat="35.9054" lon="-81.89854">
        <ele>657.05</ele>
      </trkpt>
      <trkpt lat="35.90538" lon="-81.89849">
        <ele>656.83</ele>
      </trkpt>
      <trkpt lat="35.90535" lon="-81.89846">
        <ele>657.65</ele>
      </trkpt>
      <trkpt lat="35.90533" lon="-81.89842">
        <ele>656.79</ele>
      </trkpt>
      <trkpt lat="35.90531" lon="-81.89839">
        <ele>656.05</ele>
      </trkpt>
      <trkpt lat="35.90529" lon="-81.89837">
        <ele>656.16</ele>
      </trkpt>
      <trkpt lat="35.90525" lon="-81.89834">
        <ele>656.26</ele>
      </trkpt>
      <trkpt lat="35.90519" lon="-81.89829">
        <ele>655.48</ele>
      </trkpt>
      <trkpt lat="35.90514" lon="-81.89824">
        <ele>654.42</ele>
      </trkpt>
      <trkpt lat="35.9051" lon="-81.89821">
        <ele>654.1</ele>
      </trkpt>
      <trkpt lat="35.90509" lon="-81.89819">
        <ele>653.33</ele>
      </trkpt>
      <trkpt lat="35.90506" lon="-81.89817">
        <ele>652.97</ele>
      </trkpt>
      <trkpt lat="35.90501" lon="-81.89815">
        <ele>652.9</ele>
      </trkpt>
      <trkpt lat="35.90497" lon="-81.89812">
        <ele>652.78</ele>
      </trkpt>
      <trkpt lat="35.90492" lon="-81.89803">
        <ele>650.35</ele>
      </trkpt>
      <trkpt lat="35.90489" lon="-81.898">
        <ele>650.54</ele>
      </trkpt>
      <trkpt lat="35.90485" lon="-81.89794">
        <ele>650.11</ele>
      </trkpt>
      <trkpt lat="35.90482" lon="-81.89791">
        <ele>650.43</ele>
      </trkpt>
      <trkpt lat="35.90474" lon="-81.89778">
        <ele>648.33</ele>
      </trkpt>
      <trkpt lat="35.90468" lon="-81.89772">
        <ele>648.04</ele>
      </trkpt>
      <trkpt lat="35.90461" lon="-81.89768">
        <ele>648.57</ele>
      </trkpt>
      <trkpt lat="35.90457" lon="-81.89766">
        <ele>649.22</ele>
      </trkpt>
      <trkpt lat="35.90452" lon="-81.89765">
        <ele>650.58</ele>
      </trkpt>
      <trkpt lat="35.90447" lon="-81.89762">
        <ele>650.14</ele>
      </trkpt>
      <trkpt lat="35.90443" lon="-81.89761">
        <ele>650.41</ele>
      </trkpt>
      <trkpt lat="35.90439" lon="-81.89759">
        <ele>650.08</ele>
      </trkpt>
      <trkpt lat="35.90437" lon="-81.89758">
        <ele>650.09</ele>
      </trkpt>
      <trkpt lat="35.90435" lon="-81.89756">
        <ele>649.57</ele>
      </trkpt>
      <trkpt lat="35.90434" lon="-81.89754">
        <ele>648.6</ele>
      </trkpt>
      <trkpt lat="35.90431" lon="-81.89752">
        <ele>647.41</ele>
      </trkpt>
      <trkpt lat="35.90423" lon="-81.89749">
        <ele>645.75</ele>
      </trkpt>
      <trkpt lat="35.90421" lon="-81.89749">
        <ele>645.73</ele>
      </trkpt>
      <trkpt lat="35.9042" lon="-81.89749">
        <ele>645.71</ele>
      </trkpt>
      <trkpt lat="35.90415" lon="-81.89747">
        <ele>645.09</ele>
      </trkpt>
      <trkpt lat="35.90408" lon="-81.89748">
        <ele>645.55</ele>
      </trkpt>
      <trkpt lat="35.90396" lon="-81.89744">
        <ele>644.79</ele>
      </trkpt>
      <trkpt lat="35.90391" lon="-81.89744">
        <ele>644.98</ele>
      </trkpt>
      <trkpt lat="35.90391" lon="-81.89744">
        <ele>644.98</ele>
      </trkpt>
      <trkpt lat="35.90383" lon="-81.89742">
        <ele>643.86</ele>
      </trkpt>
      <trkpt lat="35.90376" lon="-81.89742">
        <ele>643.26</ele>
      </trkpt>
      <trkpt lat="35.90374" lon="-81.89742">
        <ele>643.1</ele>
      </trkpt>
      <trkpt lat="35.9037" lon="-81.89741">
        <ele>642.21</ele>
      </trkpt>
      <trkpt lat="35.90361" lon="-81.89741">
        <ele>643.15</ele>
      </trkpt>
      <trkpt lat="35.90357" lon="-81.8974">
        <ele>642.92</ele>
      </trkpt>
      <trkpt lat="35.90354" lon="-81.8974">
        <ele>643.27</ele>
      </trkpt>
      <trkpt lat="35.90351" lon="-81.8974">
        <ele>643.44</ele>
      </trkpt>
      <trkpt lat="35.90348" lon="-81.89739">
        <ele>642.53</ele>
      </trkpt>
      <trkpt lat="35.90343" lon="-81.89738">
        <ele>641.55</ele>
      </trkpt>
      <trkpt lat="35.90337" lon="-81.89738">
        <ele>641.77</ele>
      </trkpt>
      <trkpt lat="35.90327" lon="-81.89738">
        <ele>641.93</ele>
      </trkpt>
      <trkpt lat="35.90318" lon="-81.89739">
        <ele>642.27</ele>
      </trkpt>
      <trkpt lat="35.90314" lon="-81.89741">
        <ele>642.96</ele>
      </trkpt>
      <trkpt lat="35.90309" lon="-81.89742">
        <ele>642.42</ele>
      </trkpt>
      <trkpt lat="35.90305" lon="-81.89745">
        <ele>643.21</ele>
      </trkpt>
      <trkpt lat="35.90302" lon="-81.89747">
        <ele>643.87</ele>
      </trkpt>
      <trkpt lat="35.90295" lon="-81.89746">
        <ele>642.41</ele>
      </trkpt>
      <trkpt lat="35.9029" lon="-81.89745">
        <ele>641.76</ele>
      </trkpt>
      <trkpt lat="35.90288" lon="-81.89744">
        <ele>641.11</ele>
      </trkpt>
      <trkpt lat="35.90285" lon="-81.89744">
        <ele>641.69</ele>
      </trkpt>
      <trkpt lat="35.90279" lon="-81.89741">
        <ele>641.75</ele>
      </trkpt>
      <trkpt lat="35.9027" lon="-81.89738">
        <ele>642.4</ele>
      </trkpt>
      <trkpt lat="35.90267" lon="-81.89738">
        <ele>642.77</ele>
      </trkpt>
      <trkpt lat="35.90264" lon="-81.89736">
        <ele>641.7</ele>
      </trkpt>
      <trkpt lat="35.90252" lon="-81.89737">
        <ele>640.88</ele>
      </trkpt>
      <trkpt lat="35.90248" lon="-81.89738">
        <ele>641.22</ele>
      </trkpt>
      <trkpt lat="35.90239" lon="-81.89737">
        <ele>640.76</ele>
      </trkpt>
      <trkpt lat="35.90233" lon="-81.89735">
        <ele>640.12</ele>
      </trkpt>
      <trkpt lat="35.90228" lon="-81.89735">
        <ele>640.14</ele>
      </trkpt>
      <trkpt lat="35.90224" lon="-81.89734">
        <ele>639.41</ele>
      </trkpt>
      <trkpt lat="35.90212" lon="-81.89736">
        <ele>635.79</ele>
      </trkpt>
      <trkpt lat="35.90209" lon="-81.89736">
        <ele>633.83</ele>
      </trkpt>
      <trkpt lat="35.902" lon="-81.8974">
        <ele>630.94</ele>
      </trkpt>
      <trkpt lat="35.90196" lon="-81.89742">
        <ele>628.3</ele>
      </trkpt>
      <trkpt lat="35.90194" lon="-81.89742">
        <ele>626.38</ele>
      </trkpt>
      <trkpt lat="35.90192" lon="-81.89741">
        <ele>624.21</ele>
      </trkpt>
      <trkpt lat="35.90194" lon="-81.89738">
        <ele>623.68</ele>
      </trkpt>
      <trkpt lat="35.90197" lon="-81.89735">
        <ele>624.36</ele>
      </trkpt>
      <trkpt lat="35.90203" lon="-81.89727">
        <ele>623.35</ele>
      </trkpt>
      <trkpt lat="35.9021" lon="-81.89721">
        <ele>623.27</ele>
      </trkpt>
      <trkpt lat="35.90216" lon="-81.89715">
        <ele>623.44</ele>
      </trkpt>
      <trkpt lat="35.90221" lon="-81.89711">
        <ele>623.18</ele>
      </trkpt>
      <trkpt lat="35.90221" lon="-81.89708">
        <ele>623.47</ele>
      </trkpt>
      <trkpt lat="35.90222" lon="-81.89704">
        <ele>623.94</ele>
      </trkpt>
      <trkpt lat="35.90222" lon="-81.89698">
        <ele>623.99</ele>
      </trkpt>
      <trkpt lat="35.90223" lon="-81.89689">
        <ele>624.59</ele>
      </trkpt>
      <trkpt lat="35.90226" lon="-81.89679">
        <ele>626.61</ele>
      </trkpt>
      <trkpt lat="35.90231" lon="-81.89667">
        <ele>630.89</ele>
      </trkpt>
      <trkpt lat="35.90234" lon="-81.8966">
        <ele>633.2</ele>
      </trkpt>
      <trkpt lat="35.90236" lon="-81.89654">
        <ele>635.11</ele>
      </trkpt>
      <trkpt lat="35.90239" lon="-81.89648">
        <ele>637.69</ele>
      </trkpt>
      <trkpt lat="35.90241" lon="-81.89649">
        <ele>639.16</ele>
      </trkpt>
      <trkpt lat="35.90243" lon="-81.89651">
        <ele>640.81</ele>
      </trkpt>
      <trkpt lat="35.90245" lon="-81.89654">
        <ele>642.22</ele>
      </trkpt>
      <trkpt lat="35.90247" lon="-81.89648">
        <ele>645.06</ele>
      </trkpt>
      <trkpt lat="35.90249" lon="-81.89635">
        <ele>644.78</ele>
      </trkpt>
      <trkpt lat="35.9025" lon="-81.89631">
        <ele>645.15</ele>
      </trkpt>
      <trkpt lat="35.90251" lon="-81.89627">
        <ele>645.44</ele>
      </trkpt>
      <trkpt lat="35.90252" lon="-81.89623">
        <ele>645.64</ele>
      </trkpt>
      <trkpt lat="35.90252" lon="-81.89619">
        <ele>645.3</ele>
      </trkpt>
      <trkpt lat="35.90253" lon="-81.89615">
        <ele>645.94</ele>
      </trkpt>
      <trkpt lat="35.90255" lon="-81.89608">
        <ele>647.06</ele>
      </trkpt>
      <trkpt lat="35.90258" lon="-81.89595">
        <ele>647.68</ele>
      </trkpt>
      <trkpt lat="35.90259" lon="-81.8959">
        <ele>647.9</ele>
      </trkpt>
      <trkpt lat="35.9026" lon="-81.89586">
        <ele>648.64</ele>
      </trkpt>
      <trkpt lat="35.90263" lon="-81.89576">
        <ele>651.38</ele>
      </trkpt>
      <trkpt lat="35.90264" lon="-81.8957">
        <ele>652.95</ele>
      </trkpt>
      <trkpt lat="35.90265" lon="-81.89568">
        <ele>654.03</ele>
      </trkpt>
      <trkpt lat="35.90265" lon="-81.89565">
        <ele>654.68</ele>
      </trkpt>
      <trkpt lat="35.90265" lon="-81.89563">
        <ele>654.79</ele>
      </trkpt>
      <trkpt lat="35.90268" lon="-81.89551">
        <ele>656.69</ele>
      </trkpt>
      <trkpt lat="35.9027" lon="-81.89546">
        <ele>657.77</ele>
      </trkpt>
      <trkpt lat="35.90274" lon="-81.89541">
        <ele>659.39</ele>
      </trkpt>
      <trkpt lat="35.90278" lon="-81.89534">
        <ele>660.78</ele>
      </trkpt>
      <trkpt lat="35.90281" lon="-81.89524">
        <ele>661.07</ele>
      </trkpt>
      <trkpt lat="35.90283" lon="-81.89519">
        <ele>661.46</ele>
      </trkpt>
      <trkpt lat="35.90286" lon="-81.89516">
        <ele>663.36</ele>
      </trkpt>
      <trkpt lat="35.90286" lon="-81.89514">
        <ele>663.38</ele>
      </trkpt>
      <trkpt lat="35.90287" lon="-81.89513">
        <ele>663.98</ele>
      </trkpt>
      <trkpt lat="35.90287" lon="-81.89512">
        <ele>663.98</ele>
      </trkpt>
      <trkpt lat="35.90289" lon="-81.89508">
        <ele>665.06</ele>
      </trkpt>
      <trkpt lat="35.9029" lon="-81.89504">
        <ele>665.6</ele>
      </trkpt>
      <trkpt lat="35.90291" lon="-81.89498">
        <ele>666.14</ele>
      </trkpt>
      <trkpt lat="35.90291" lon="-81.89494">
        <ele>666.14</ele>
      </trkpt>
      <trkpt lat="35.90292" lon="-81.89492">
        <ele>666.68</ele>
      </trkpt>
      <trkpt lat="35.90293" lon="-81.89487">
        <ele>667.36</ele>
      </trkpt>
      <trkpt lat="35.90293" lon="-81.89482">
        <ele>667.56</ele>
      </trkpt>
      <trkpt lat="35.90294" lon="-81.89476">
        <ele>668.15</ele>
      </trkpt>
      <trkpt lat="35.90295" lon="-81.89472">
        <ele>668.63</ele>
      </trkpt>
      <trkpt lat="35.90295" lon="-81.89468">
        <ele>669.49</ele>
      </trkpt>
      <trkpt lat="35.90295" lon="-81.89465">
        <ele>670.14</ele>
      </trkpt>
      <trkpt lat="35.90295" lon="-81.8946">
        <ele>670.94</ele>
      </trkpt>
      <trkpt lat="35.90297" lon="-81.89447">
        <ele>672.97</ele>
      </trkpt>
      <trkpt lat="35.90299" lon="-81.89441">
        <ele>674.25</ele>
      </trkpt>
      <trkpt lat="35.903" lon="-81.8944">
        <ele>674.68</ele>
      </trkpt>
      <trkpt lat="35.90302" lon="-81.8944">
        <ele>675.33</ele>
      </trkpt>
      <trkpt lat="35.90304" lon="-81.89443">
        <ele>675.65</ele>
      </trkpt>
      <trkpt lat="35.90306" lon="-81.89448">
        <ele>676.24</ele>
      </trkpt>
      <trkpt lat="35.90306" lon="-81.89453">
        <ele>676.24</ele>
      </trkpt>
      <trkpt lat="35.90307" lon="-81.89454">
        <ele>676.82</ele>
      </trkpt>
      <trkpt lat="35.90309" lon="-81.89453">
        <ele>677.86</ele>
      </trkpt>
      <trkpt lat="35.9031" lon="-81.89454">
        <ele>678.45</ele>
      </trkpt>
      <trkpt lat="35.90312" lon="-81.89451">
        <ele>679.48</ele>
      </trkpt>
      <trkpt lat="35.90312" lon="-81.8945">
        <ele>679.48</ele>
      </trkpt>
      <trkpt lat="35.90313" lon="-81.89447">
        <ele>680.02</ele>
      </trkpt>
      <trkpt lat="35.90315" lon="-81.89443">
        <ele>681.1</ele>
      </trkpt>
      <trkpt lat="35.90316" lon="-81.89439">
        <ele>681.64</ele>
      </trkpt>
      <trkpt lat="35.90317" lon="-81.89433">
        <ele>682.42</ele>
      </trkpt>
      <trkpt lat="35.90319" lon="-81.89429">
        <ele>683.93</ele>
      </trkpt>
      <trkpt lat="35.90321" lon="-81.89424">
        <ele>685.34</ele>
      </trkpt>
      <trkpt lat="35.90321" lon="-81.8942">
        <ele>685.34</ele>
      </trkpt>
      <trkpt lat="35.90321" lon="-81.89416">
        <ele>685.41</ele>
      </trkpt>
      <trkpt lat="35.90321" lon="-81.89415">
        <ele>685.52</ele>
      </trkpt>
      <trkpt lat="35.90323" lon="-81.89406">
        <ele>687.59</ele>
      </trkpt>
      <trkpt lat="35.90323" lon="-81.89401">
        <ele>688.19</ele>
      </trkpt>
      <trkpt lat="35.90323" lon="-81.894">
        <ele>688.31</ele>
      </trkpt>
      <trkpt lat="35.90323" lon="-81.89397">
        <ele>688.77</ele>
      </trkpt>
      <trkpt lat="35.90324" lon="-81.89395">
        <ele>689.65</ele>
      </trkpt>
      <trkpt lat="35.90323" lon="-81.89393">
        <ele>689.58</ele>
      </trkpt>
      <trkpt lat="35.90324" lon="-81.89391">
        <ele>690.51</ele>
      </trkpt>
      <trkpt lat="35.90323" lon="-81.89387">
        <ele>690.83</ele>
      </trkpt>
      <trkpt lat="35.90323" lon="-81.89385">
        <ele>691.26</ele>
      </trkpt>
      <trkpt lat="35.90321" lon="-81.8938">
        <ele>691.26</ele>
      </trkpt>
      <trkpt lat="35.90321" lon="-81.89375">
        <ele>692.34</ele>
      </trkpt>
      <trkpt lat="35.9032" lon="-81.89372">
        <ele>692.45</ele>
      </trkpt>
      <trkpt lat="35.90319" lon="-81.89366">
        <ele>692.73</ele>
      </trkpt>
      <trkpt lat="35.9032" lon="-81.89359">
        <ele>693.57</ele>
      </trkpt>
      <trkpt lat="35.90322" lon="-81.89356">
        <ele>694.33</ele>
      </trkpt>
      <trkpt lat="35.90327" lon="-81.89351">
        <ele>695.79</ele>
      </trkpt>
      <trkpt lat="35.90331" lon="-81.89348">
        <ele>696.72</ele>
      </trkpt>
      <trkpt lat="35.90334" lon="-81.89345">
        <ele>697.57</ele>
      </trkpt>
      <trkpt lat="35.90336" lon="-81.89343">
        <ele>698.21</ele>
      </trkpt>
      <trkpt lat="35.90338" lon="-81.89339">
        <ele>699.21</ele>
      </trkpt>
      <trkpt lat="35.90339" lon="-81.89333">
        <ele>699.9</ele>
      </trkpt>
      <trkpt lat="35.90339" lon="-81.89328">
        <ele>700.86</ele>
      </trkpt>
      <trkpt lat="35.90336" lon="-81.89322">
        <ele>702.25</ele>
      </trkpt>
      <trkpt lat="35.90329" lon="-81.89316">
        <ele>703.49</ele>
      </trkpt>
      <trkpt lat="35.90324" lon="-81.89311">
        <ele>705.01</ele>
      </trkpt>
      <trkpt lat="35.90323" lon="-81.8931">
        <ele>704.9</ele>
      </trkpt>
      <trkpt lat="35.90323" lon="-81.89309">
        <ele>705.44</ele>
      </trkpt>
      <trkpt lat="35.9032" lon="-81.89305">
        <ele>705.57</ele>
      </trkpt>
      <trkpt lat="35.90316" lon="-81.89298">
        <ele>705.32</ele>
      </trkpt>
      <trkpt lat="35.90313" lon="-81.89286">
        <ele>706.99</ele>
      </trkpt>
      <trkpt lat="35.90313" lon="-81.89281">
        <ele>708.71</ele>
      </trkpt>
      <trkpt lat="35.90311" lon="-81.89273">
        <ele>709.56</ele>
      </trkpt>
      <trkpt lat="35.90308" lon="-81.8926">
        <ele>709.75</ele>
      </trkpt>
      <trkpt lat="35.90307" lon="-81.89253">
        <ele>709.87</ele>
      </trkpt>
      <trkpt lat="35.90307" lon="-81.8925">
        <ele>710.25</ele>
      </trkpt>
      <trkpt lat="35.90306" lon="-81.89247">
        <ele>710.02</ele>
      </trkpt>
      <trkpt lat="35.90305" lon="-81.89241">
        <ele>710.71</ele>
      </trkpt>
      <trkpt lat="35.90304" lon="-81.89234">
        <ele>711.66</ele>
      </trkpt>
      <trkpt lat="35.90302" lon="-81.89223">
        <ele>712.91</ele>
      </trkpt>
      <trkpt lat="35.90302" lon="-81.89221">
        <ele>713.26</ele>
      </trkpt>
      <trkpt lat="35.90302" lon="-81.89219">
        <ele>713.56</ele>
      </trkpt>
      <trkpt lat="35.90302" lon="-81.89218">
        <ele>713.71</ele>
      </trkpt>
      <trkpt lat="35.90301" lon="-81.89212">
        <ele>714.19</ele>
      </trkpt>
      <trkpt lat="35.903" lon="-81.89207">
        <ele>714.5</ele>
      </trkpt>
      <trkpt lat="35.903" lon="-81.892">
        <ele>715.64</ele>
      </trkpt>
      <trkpt lat="35.903" lon="-81.89195">
        <ele>716.5</ele>
      </trkpt>
      <trkpt lat="35.903" lon="-81.89188">
        <ele>718.27</ele>
      </trkpt>
      <trkpt lat="35.90297" lon="-81.89179">
        <ele>718.72</ele>
      </trkpt>
      <trkpt lat="35.90292" lon="-81.89169">
        <ele>718.69</ele>
      </trkpt>
      <trkpt lat="35.90291" lon="-81.89166">
        <ele>718.71</ele>
      </trkpt>
      <trkpt lat="35.90289" lon="-81.89159">
        <ele>718.93</ele>
      </trkpt>
      <trkpt lat="35.90287" lon="-81.89148">
        <ele>720.02</ele>
      </trkpt>
      <trkpt lat="35.90287" lon="-81.89131">
        <ele>723.68</ele>
      </trkpt>
      <trkpt lat="35.90288" lon="-81.89125">
        <ele>725.68</ele>
      </trkpt>
      <trkpt lat="35.90288" lon="-81.89117">
        <ele>726.99</ele>
      </trkpt>
      <trkpt lat="35.90289" lon="-81.89115">
        <ele>727.85</ele>
      </trkpt>
      <trkpt lat="35.90288" lon="-81.89113">
        <ele>727.42</ele>
      </trkpt>
      <trkpt lat="35.90289" lon="-81.89107">
        <ele>728.37</ele>
      </trkpt>
      <trkpt lat="35.9029" lon="-81.89103">
        <ele>729.2</ele>
      </trkpt>
      <trkpt lat="35.90291" lon="-81.89099">
        <ele>730.17</ele>
      </trkpt>
      <trkpt lat="35.90292" lon="-81.89096">
        <ele>731.05</ele>
      </trkpt>
      <trkpt lat="35.90292" lon="-81.89093">
        <ele>731.2</ele>
      </trkpt>
      <trkpt lat="35.90293" lon="-81.8909">
        <ele>731.96</ele>
      </trkpt>
      <trkpt lat="35.90293" lon="-81.89081">
        <ele>732.47</ele>
      </trkpt>
      <trkpt lat="35.90294" lon="-81.89079">
        <ele>733.23</ele>
      </trkpt>
      <trkpt lat="35.90294" lon="-81.89075">
        <ele>733.66</ele>
      </trkpt>
      <trkpt lat="35.90295" lon="-81.8907">
        <ele>734.74</ele>
      </trkpt>
      <trkpt lat="35.90297" lon="-81.89063">
        <ele>736.83</ele>
      </trkpt>
      <trkpt lat="35.90297" lon="-81.89055">
        <ele>738.44</ele>
      </trkpt>
      <trkpt lat="35.90297" lon="-81.89051">
        <ele>738.87</ele>
      </trkpt>
      <trkpt lat="35.90299" lon="-81.89047">
        <ele>740.38</ele>
      </trkpt>
      <trkpt lat="35.90298" lon="-81.89042">
        <ele>740.47</ele>
      </trkpt>
      <trkpt lat="35.90298" lon="-81.8904">
        <ele>740.73</ele>
      </trkpt>
      <trkpt lat="35.90298" lon="-81.89025">
        <ele>741.53</ele>
      </trkpt>
      <trkpt lat="35.90299" lon="-81.89021">
        <ele>742.56</ele>
      </trkpt>
      <trkpt lat="35.90299" lon="-81.89015">
        <ele>742.75</ele>
      </trkpt>
      <trkpt lat="35.90302" lon="-81.89004">
        <ele>744.13</ele>
      </trkpt>
      <trkpt lat="35.90304" lon="-81.89">
        <ele>744.99</ele>
      </trkpt>
      <trkpt lat="35.90305" lon="-81.88996">
        <ele>745.23</ele>
      </trkpt>
      <trkpt lat="35.90306" lon="-81.88993">
        <ele>745.54</ele>
      </trkpt>
      <trkpt lat="35.90307" lon="-81.88991">
        <ele>745.97</ele>
      </trkpt>
      <trkpt lat="35.90307" lon="-81.88989">
        <ele>745.72</ele>
      </trkpt>
      <trkpt lat="35.90308" lon="-81.88987">
        <ele>746.07</ele>
      </trkpt>
      <trkpt lat="35.90311" lon="-81.88982">
        <ele>747.03</ele>
      </trkpt>
      <trkpt lat="35.90315" lon="-81.88979">
        <ele>748.26</ele>
      </trkpt>
      <trkpt lat="35.90327" lon="-81.88972">
        <ele>749.6</ele>
      </trkpt>
      <trkpt lat="35.9033" lon="-81.88971">
        <ele>750.18</ele>
      </trkpt>
      <trkpt lat="35.90333" lon="-81.88968">
        <ele>750.9</ele>
      </trkpt>
      <trkpt lat="35.90335" lon="-81.88965">
        <ele>751.82</ele>
      </trkpt>
      <trkpt lat="35.90334" lon="-81.88961">
        <ele>752.0</ele>
      </trkpt>
      <trkpt lat="35.90331" lon="-81.88953">
        <ele>752.97</ele>
      </trkpt>
      <trkpt lat="35.90329" lon="-81.8895">
        <ele>752.86</ele>
      </trkpt>
      <trkpt lat="35.90328" lon="-81.88943">
        <ele>754.43</ele>
      </trkpt>
      <trkpt lat="35.90326" lon="-81.88938">
        <ele>754.43</ele>
      </trkpt>
      <trkpt lat="35.90323" lon="-81.88923">
        <ele>754.85</ele>
      </trkpt>
      <trkpt lat="35.90321" lon="-81.88911">
        <ele>755.49</ele>
      </trkpt>
      <trkpt lat="35.90321" lon="-81.88906">
        <ele>756.16</ele>
      </trkpt>
      <trkpt lat="35.90322" lon="-81.88903">
        <ele>756.8</ele>
      </trkpt>
      <trkpt lat="35.90322" lon="-81.88901">
        <ele>757.02</ele>
      </trkpt>
      <trkpt lat="35.90322" lon="-81.889">
        <ele>757.13</ele>
      </trkpt>
      <trkpt lat="35.90322" lon="-81.88898">
        <ele>757.34</ele>
      </trkpt>
      <trkpt lat="35.90322" lon="-81.88896">
        <ele>757.56</ele>
      </trkpt>
      <trkpt lat="35.90322" lon="-81.8888">
        <ele>760.03</ele>
      </trkpt>
      <trkpt lat="35.90323" lon="-81.88877">
        <ele>760.54</ele>
      </trkpt>
      <trkpt lat="35.90323" lon="-81.88859">
        <ele>761.76</ele>
      </trkpt>
      <trkpt lat="35.90323" lon="-81.88856">
        <ele>762.09</ele>
      </trkpt>
      <trkpt lat="35.90323" lon="-81.88854">
        <ele>762.3</ele>
      </trkpt>
      <trkpt lat="35.90323" lon="-81.88842">
        <ele>763.49</ele>
      </trkpt>
      <trkpt lat="35.90325" lon="-81.88831">
        <ele>765.85</ele>
      </trkpt>
      <trkpt lat="35.90324" lon="-81.88827">
        <ele>765.65</ele>
      </trkpt>
      <trkpt lat="35.90325" lon="-81.88821">
        <ele>767.53</ele>
      </trkpt>
      <trkpt lat="35.90323" lon="-81.88809">
        <ele>769.79</ele>
      </trkpt>
      <trkpt lat="35.90321" lon="-81.88803">
        <ele>770.22</ele>
      </trkpt>
      <trkpt lat="35.90319" lon="-81.88797">
        <ele>770.66</ele>
      </trkpt>
      <trkpt lat="35.90317" lon="-81.88787">
        <ele>771.71</ele>
      </trkpt>
      <trkpt lat="35.90315" lon="-81.88777">
        <ele>772.15</ele>
      </trkpt>
      <trkpt lat="35.90313" lon="-81.88767">
        <ele>772.77</ele>
      </trkpt>
      <trkpt lat="35.90312" lon="-81.88764">
        <ele>772.88</ele>
      </trkpt>
      <trkpt lat="35.90313" lon="-81.88761">
        <ele>773.42</ele>
      </trkpt>
      <trkpt lat="35.90313" lon="-81.88754">
        <ele>774.18</ele>
      </trkpt>
      <trkpt lat="35.90314" lon="-81.88749">
        <ele>774.93</ele>
      </trkpt>
      <trkpt lat="35.90313" lon="-81.88746">
        <ele>775.04</ele>
      </trkpt>
      <trkpt lat="35.90314" lon="-81.88744">
        <ele>775.47</ele>
      </trkpt>
      <trkpt lat="35.90313" lon="-81.88741">
        <ele>775.58</ele>
      </trkpt>
      <trkpt lat="35.90314" lon="-81.88738">
        <ele>775.88</ele>
      </trkpt>
      <trkpt lat="35.90313" lon="-81.88725">
        <ele>776.97</ele>
      </trkpt>
      <trkpt lat="35.90314" lon="-81.88722">
        <ele>777.25</ele>
      </trkpt>
      <trkpt lat="35.90313" lon="-81.88718">
        <ele>778.67</ele>
      </trkpt>
      <trkpt lat="35.90313" lon="-81.88714">
        <ele>779.88</ele>
      </trkpt>
      <trkpt lat="35.90314" lon="-81.88709">
        <ele>780.55</ele>
      </trkpt>
      <trkpt lat="35.90315" lon="-81.88708">
        <ele>780.56</ele>
      </trkpt>
      <trkpt lat="35.90316" lon="-81.88706">
        <ele>780.88</ele>
      </trkpt>
      <trkpt lat="35.90317" lon="-81.88701">
        <ele>781.68</ele>
      </trkpt>
      <trkpt lat="35.90317" lon="-81.88698">
        <ele>782.18</ele>
      </trkpt>
      <trkpt lat="35.90318" lon="-81.88693">
        <ele>782.86</ele>
      </trkpt>
      <trkpt lat="35.90318" lon="-81.88688">
        <ele>783.57</ele>
      </trkpt>
      <trkpt lat="35.90317" lon="-81.88682">
        <ele>784.72</ele>
      </trkpt>
      <trkpt lat="35.90314" lon="-81.88679">
        <ele>785.76</ele>
      </trkpt>
      <trkpt lat="35.90309" lon="-81.88677">
        <ele>786.51</ele>
      </trkpt>
      <trkpt lat="35.90307" lon="-81.88675">
        <ele>786.96</ele>
      </trkpt>
      <trkpt lat="35.90304" lon="-81.88674">
        <ele>786.87</ele>
      </trkpt>
      <trkpt lat="35.90301" lon="-81.88671">
        <ele>786.55</ele>
      </trkpt>
      <trkpt lat="35.90298" lon="-81.88663">
        <ele>787.09</ele>
      </trkpt>
      <trkpt lat="35.90297" lon="-81.88655">
        <ele>788.58</ele>
      </trkpt>
      <trkpt lat="35.90296" lon="-81.88651">
        <ele>789.3</ele>
      </trkpt>
      <trkpt lat="35.90294" lon="-81.88648">
        <ele>789.29</ele>
      </trkpt>
      <trkpt lat="35.90293" lon="-81.88647">
        <ele>789.22</ele>
      </trkpt>
      <trkpt lat="35.90291" lon="-81.88644">
        <ele>789.44</ele>
      </trkpt>
      <trkpt lat="35.90289" lon="-81.88639">
        <ele>790.39</ele>
      </trkpt>
      <trkpt lat="35.90286" lon="-81.88636">
        <ele>790.37</ele>
      </trkpt>
      <trkpt lat="35.90278" lon="-81.8862">
        <ele>790.17</ele>
      </trkpt>
      <trkpt lat="35.90276" lon="-81.88616">
        <ele>791.05</ele>
      </trkpt>
      <trkpt lat="35.90271" lon="-81.88607">
        <ele>792.44</ele>
      </trkpt>
      <trkpt lat="35.90271" lon="-81.88602">
        <ele>792.98</ele>
      </trkpt>
      <trkpt lat="35.90271" lon="-81.88599">
        <ele>793.31</ele>
      </trkpt>
      <trkpt lat="35.90271" lon="-81.88595">
        <ele>793.74</ele>
      </trkpt>
      <trkpt lat="35.90272" lon="-81.8859">
        <ele>794.28</ele>
      </trkpt>
      <trkpt lat="35.90273" lon="-81.88584">
        <ele>794.93</ele>
      </trkpt>
      <trkpt lat="35.90273" lon="-81.88579">
        <ele>795.71</ele>
      </trkpt>
      <trkpt lat="35.90276" lon="-81.88568">
        <ele>797.5</ele>
      </trkpt>
      <trkpt lat="35.90282" lon="-81.88558">
        <ele>799.42</ele>
      </trkpt>
      <trkpt lat="35.90287" lon="-81.88551">
        <ele>800.48</ele>
      </trkpt>
      <trkpt lat="35.90293" lon="-81.88545">
        <ele>800.99</ele>
      </trkpt>
      <trkpt lat="35.90298" lon="-81.88539">
        <ele>801.25</ele>
      </trkpt>
      <trkpt lat="35.90304" lon="-81.88531">
        <ele>800.99</ele>
      </trkpt>
      <trkpt lat="35.90307" lon="-81.88519">
        <ele>802.75</ele>
      </trkpt>
      <trkpt lat="35.9031" lon="-81.88512">
        <ele>803.22</ele>
      </trkpt>
      <trkpt lat="35.90311" lon="-81.88508">
        <ele>803.68</ele>
      </trkpt>
      <trkpt lat="35.90313" lon="-81.88504">
        <ele>804.33</ele>
      </trkpt>
      <trkpt lat="35.90314" lon="-81.88503">
        <ele>804.44</ele>
      </trkpt>
      <trkpt lat="35.90318" lon="-81.88492">
        <ele>805.82</ele>
      </trkpt>
      <trkpt lat="35.90319" lon="-81.88479">
        <ele>808.08</ele>
      </trkpt>
      <trkpt lat="35.9032" lon="-81.88477">
        <ele>808.41</ele>
      </trkpt>
      <trkpt lat="35.90321" lon="-81.88469">
        <ele>809.91</ele>
      </trkpt>
      <trkpt lat="35.90322" lon="-81.88465">
        <ele>810.35</ele>
      </trkpt>
      <trkpt lat="35.90323" lon="-81.88462">
        <ele>810.57</ele>
      </trkpt>
      <trkpt lat="35.90327" lon="-81.88446">
        <ele>813.34</ele>
      </trkpt>
      <trkpt lat="35.90332" lon="-81.88437">
        <ele>812.5</ele>
      </trkpt>
      <trkpt lat="35.90334" lon="-81.88428">
        <ele>813.42</ele>
      </trkpt>
      <trkpt lat="35.90336" lon="-81.88422">
        <ele>814.27</ele>
      </trkpt>
      <trkpt lat="35.90337" lon="-81.88418">
        <ele>814.92</ele>
      </trkpt>
      <trkpt lat="35.90338" lon="-81.88416">
        <ele>815.14</ele>
      </trkpt>
      <trkpt lat="35.90339" lon="-81.88414">
        <ele>815.35</ele>
      </trkpt>
      <trkpt lat="35.90338" lon="-81.88413">
        <ele>815.78</ele>
      </trkpt>
      <trkpt lat="35.90337" lon="-81.88413">
        <ele>816.0</ele>
      </trkpt>
      <trkpt lat="35.90336" lon="-81.88413">
        <ele>816.22</ele>
      </trkpt>
      <trkpt lat="35.90334" lon="-81.88413">
        <ele>816.65</ele>
      </trkpt>
      <trkpt lat="35.90332" lon="-81.88415">
        <ele>816.91</ele>
      </trkpt>
      <trkpt lat="35.9033" lon="-81.88418">
        <ele>817.2</ele>
      </trkpt>
      <trkpt lat="35.90328" lon="-81.8842">
        <ele>817.79</ele>
      </trkpt>
      <trkpt lat="35.90328" lon="-81.88421">
        <ele>817.64</ele>
      </trkpt>
      <trkpt lat="35.90326" lon="-81.88424">
        <ele>818.21</ele>
      </trkpt>
      <trkpt lat="35.90324" lon="-81.88427">
        <ele>818.8</ele>
      </trkpt>
      <trkpt lat="35.9032" lon="-81.88432">
        <ele>819.45</ele>
      </trkpt>
      <trkpt lat="35.90312" lon="-81.88438">
        <ele>821.61</ele>
      </trkpt>
      <trkpt lat="35.90306" lon="-81.88443">
        <ele>823.12</ele>
      </trkpt>
      <trkpt lat="35.90299" lon="-81.8845">
        <ele>823.32</ele>
      </trkpt>
      <trkpt lat="35.90295" lon="-81.88455">
        <ele>823.14</ele>
      </trkpt>
      <trkpt lat="35.90286" lon="-81.88465">
        <ele>824.1</ele>
      </trkpt>
      <trkpt lat="35.90271" lon="-81.88477">
        <ele>828.25</ele>
      </trkpt>
      <trkpt lat="35.90267" lon="-81.88479">
        <ele>829.42</ele>
      </trkpt>
      <trkpt lat="35.90259" lon="-81.88484">
        <ele>831.27</ele>
      </trkpt>
      <trkpt lat="35.90257" lon="-81.88486">
        <ele>831.27</ele>
      </trkpt>
      <trkpt lat="35.90249" lon="-81.8849">
        <ele>832.66</ele>
      </trkpt>
      <trkpt lat="35.90238" lon="-81.88499">
        <ele>834.51</ele>
      </trkpt>
      <trkpt lat="35.90228" lon="-81.88504">
        <ele>836.46</ele>
      </trkpt>
      <trkpt lat="35.90223" lon="-81.88505">
        <ele>837.21</ele>
      </trkpt>
      <trkpt lat="35.90217" lon="-81.88505">
        <ele>838.2</ele>
      </trkpt>
      <trkpt lat="35.90211" lon="-81.88505">
        <ele>838.63</ele>
      </trkpt>
      <trkpt lat="35.90203" lon="-81.88504">
        <ele>838.27</ele>
      </trkpt>
      <trkpt lat="35.90193" lon="-81.88502">
        <ele>839.45</ele>
      </trkpt>
      <trkpt lat="35.90186" lon="-81.88503">
        <ele>840.53</ele>
      </trkpt>
      <trkpt lat="35.90179" lon="-81.88505">
        <ele>842.51</ele>
      </trkpt>
      <trkpt lat="35.90178" lon="-81.88506">
        <ele>842.51</ele>
      </trkpt>
      <trkpt lat="35.90175" lon="-81.8851">
        <ele>842.25</ele>
      </trkpt>
      <trkpt lat="35.90172" lon="-81.88511">
        <ele>843.48</ele>
      </trkpt>
      <trkpt lat="35.90171" lon="-81.88512">
        <ele>843.61</ele>
      </trkpt>
      <trkpt lat="35.90166" lon="-81.88515">
        <ele>844.71</ele>
      </trkpt>
      <trkpt lat="35.90158" lon="-81.8852">
        <ele>845.17</ele>
      </trkpt>
      <trkpt lat="35.90154" lon="-81.88521">
        <ele>845.76</ele>
      </trkpt>
      <trkpt lat="35.90144" lon="-81.88527">
        <ele>847.45</ele>
      </trkpt>
      <trkpt lat="35.9014" lon="-81.8853">
        <ele>848.68</ele>
      </trkpt>
      <trkpt lat="35.90137" lon="-81.88537">
        <ele>847.62</ele>
      </trkpt>
      <trkpt lat="35.90134" lon="-81.88539">
        <ele>848.16</ele>
      </trkpt>
      <trkpt lat="35.90132" lon="-81.88541">
        <ele>848.38</ele>
      </trkpt>
      <trkpt lat="35.90129" lon="-81.88544">
        <ele>848.39</ele>
      </trkpt>
      <trkpt lat="35.90128" lon="-81.88544">
        <ele>848.23</ele>
      </trkpt>
      <trkpt lat="35.90127" lon="-81.88543">
        <ele>848.23</ele>
      </trkpt>
      <trkpt lat="35.90127" lon="-81.88541">
        <ele>848.54</ele>
      </trkpt>
      <trkpt lat="35.90128" lon="-81.8854">
        <ele>848.94</ele>
      </trkpt>
      <trkpt lat="35.90128" lon="-81.88535">
        <ele>849.69</ele>
      </trkpt>
      <trkpt lat="35.90131" lon="-81.88527">
        <ele>850.95</ele>
      </trkpt>
      <trkpt lat="35.90131" lon="-81.88524">
        <ele>851.32</ele>
      </trkpt>
      <trkpt lat="35.90137" lon="-81.88513">
        <ele>853.19</ele>
      </trkpt>
      <trkpt lat="35.90141" lon="-81.88506">
        <ele>854.25</ele>
      </trkpt>
      <trkpt lat="35.90145" lon="-81.88499">
        <ele>854.97</ele>
      </trkpt>
      <trkpt lat="35.9015" lon="-81.88492">
        <ele>856.22</ele>
      </trkpt>
      <trkpt lat="35.90157" lon="-81.88484">
        <ele>857.27</ele>
      </trkpt>
      <trkpt lat="35.90162" lon="-81.88476">
        <ele>858.78</ele>
      </trkpt>
      <trkpt lat="35.90168" lon="-81.8847">
        <ele>859.43</ele>
      </trkpt>
      <trkpt lat="35.90173" lon="-81.88462">
        <ele>860.94</ele>
      </trkpt>
      <trkpt lat="35.90178" lon="-81.88457">
        <ele>861.71</ele>
      </trkpt>
      <trkpt lat="35.90184" lon="-81.88452">
        <ele>862.7</ele>
      </trkpt>
      <trkpt lat="35.90191" lon="-81.88448">
        <ele>863.61</ele>
      </trkpt>
      <trkpt lat="35.90202" lon="-81.88442">
        <ele>865.79</ele>
      </trkpt>
      <trkpt lat="35.90209" lon="-81.88437">
        <ele>866.27</ele>
      </trkpt>
      <trkpt lat="35.90213" lon="-81.88433">
        <ele>866.46</ele>
      </trkpt>
      <trkpt lat="35.90216" lon="-81.88429">
        <ele>866.68</ele>
      </trkpt>
      <trkpt lat="35.9022" lon="-81.88423">
        <ele>867.19</ele>
      </trkpt>
      <trkpt lat="35.90223" lon="-81.88416">
        <ele>867.96</ele>
      </trkpt>
      <trkpt lat="35.90229" lon="-81.88401">
        <ele>869.64</ele>
      </trkpt>
      <trkpt lat="35.9023" lon="-81.88393">
        <ele>871.38</ele>
      </trkpt>
      <trkpt lat="35.90232" lon="-81.88387">
        <ele>872.14</ele>
      </trkpt>
      <trkpt lat="35.90236" lon="-81.88368">
        <ele>873.82</ele>
      </trkpt>
      <trkpt lat="35.90234" lon="-81.88348">
        <ele>875.78</ele>
      </trkpt>
      <trkpt lat="35.90235" lon="-81.88344">
        <ele>875.57</ele>
      </trkpt>
      <trkpt lat="35.90234" lon="-81.8834">
        <ele>877.0</ele>
      </trkpt>
      <trkpt lat="35.90235" lon="-81.88336">
        <ele>877.41</ele>
      </trkpt>
      <trkpt lat="35.90236" lon="-81.88333">
        <ele>877.63</ele>
      </trkpt>
      <trkpt lat="35.90238" lon="-81.88325">
        <ele>878.28</ele>
      </trkpt>
      <trkpt lat="35.9024" lon="-81.88317">
        <ele>878.93</ele>
      </trkpt>
      <trkpt lat="35.90241" lon="-81.88309">
        <ele>880.13</ele>
      </trkpt>
      <trkpt lat="35.90244" lon="-81.883">
        <ele>881.0</ele>
      </trkpt>
      <trkpt lat="35.90247" lon="-81.88294">
        <ele>881.47</ele>
      </trkpt>
      <trkpt lat="35.90249" lon="-81.8829">
        <ele>881.68</ele>
      </trkpt>
      <trkpt lat="35.9026" lon="-81.88271">
        <ele>883.96</ele>
      </trkpt>
      <trkpt lat="35.90267" lon="-81.8825">
        <ele>886.49</ele>
      </trkpt>
      <trkpt lat="35.90272" lon="-81.88236">
        <ele>886.9</ele>
      </trkpt>
      <trkpt lat="35.90273" lon="-81.88231">
        <ele>887.63</ele>
      </trkpt>
      <trkpt lat="35.90274" lon="-81.8823">
        <ele>887.45</ele>
      </trkpt>
      <trkpt lat="35.90274" lon="-81.88227">
        <ele>887.91</ele>
      </trkpt>
      <trkpt lat="35.90275" lon="-81.88223">
        <ele>888.09</ele>
      </trkpt>
      <trkpt lat="35.90277" lon="-81.88217">
        <ele>888.42</ele>
      </trkpt>
      <trkpt lat="35.90278" lon="-81.88211">
        <ele>889.35</ele>
      </trkpt>
      <trkpt lat="35.90282" lon="-81.88176">
        <ele>890.72</ele>
      </trkpt>
      <trkpt lat="35.90283" lon="-81.8817">
        <ele>890.9</ele>
      </trkpt>
      <trkpt lat="35.90284" lon="-81.88166">
        <ele>891.06</ele>
      </trkpt>
      <trkpt lat="35.90285" lon="-81.88163">
        <ele>891.06</ele>
      </trkpt>
      <trkpt lat="35.90286" lon="-81.88158">
        <ele>891.27</ele>
      </trkpt>
      <trkpt lat="35.90287" lon="-81.8815">
        <ele>891.01</ele>
      </trkpt>
      <trkpt lat="35.9029" lon="-81.88133">
        <ele>890.47</ele>
      </trkpt>
      <trkpt lat="35.90292" lon="-81.88124">
        <ele>890.18</ele>
      </trkpt>
      <trkpt lat="35.90293" lon="-81.88119">
        <ele>890.22</ele>
      </trkpt>
      <trkpt lat="35.90295" lon="-81.88113">
        <ele>890.22</ele>
      </trkpt>
      <trkpt lat="35.90298" lon="-81.88104">
        <ele>890.22</ele>
      </trkpt>
      <trkpt lat="35.90299" lon="-81.88098">
        <ele>890.54</ele>
      </trkpt>
      <trkpt lat="35.90303" lon="-81.88086">
        <ele>890.54</ele>
      </trkpt>
      <trkpt lat="35.90304" lon="-81.88079">
        <ele>890.5</ele>
      </trkpt>
      <trkpt lat="35.90306" lon="-81.88073">
        <ele>889.97</ele>
      </trkpt>
      <trkpt lat="35.90309" lon="-81.88061">
        <ele>890.14</ele>
      </trkpt>
      <trkpt lat="35.90314" lon="-81.88042">
        <ele>889.73</ele>
      </trkpt>
      <trkpt lat="35.90318" lon="-81.88027">
        <ele>889.97</ele>
      </trkpt>
      <trkpt lat="35.90323" lon="-81.88006">
        <ele>889.39</ele>
      </trkpt>
      <trkpt lat="35.90327" lon="-81.87991">
        <ele>889.02</ele>
      </trkpt>
      <trkpt lat="35.9033" lon="-81.87974">
        <ele>888.37</ele>
      </trkpt>
      <trkpt lat="35.90334" lon="-81.87954">
        <ele>887.78</ele>
      </trkpt>
      <trkpt lat="35.90341" lon="-81.87929">
        <ele>886.52</ele>
      </trkpt>
      <trkpt lat="35.90345" lon="-81.87915">
        <ele>885.35</ele>
      </trkpt>
      <trkpt lat="35.90345" lon="-81.87912">
        <ele>885.11</ele>
      </trkpt>
      <trkpt lat="35.90346" lon="-81.8791">
        <ele>884.81</ele>
      </trkpt>
      <trkpt lat="35.90347" lon="-81.87907">
        <ele>884.52</ele>
      </trkpt>
      <trkpt lat="35.90347" lon="-81.87905">
        <ele>884.52</ele>
      </trkpt>
      <trkpt lat="35.90349" lon="-81.87902">
        <ele>884.31</ele>
      </trkpt>
      <trkpt lat="35.9035" lon="-81.87897">
        <ele>884.18</ele>
      </trkpt>
      <trkpt lat="35.90351" lon="-81.87895">
        <ele>884.06</ele>
      </trkpt>
      <trkpt lat="35.90352" lon="-81.87895">
        <ele>884.02</ele>
      </trkpt>
      <trkpt lat="35.90353" lon="-81.87894">
        <ele>884.12</ele>
      </trkpt>
      <trkpt lat="35.90355" lon="-81.87894">
        <ele>884.34</ele>
      </trkpt>
      <trkpt lat="35.9036" lon="-81.87892">
        <ele>884.88</ele>
      </trkpt>
      <trkpt lat="35.90365" lon="-81.87894">
        <ele>885.42</ele>
      </trkpt>
      <trkpt lat="35.90368" lon="-81.87896">
        <ele>885.74</ele>
      </trkpt>
      <trkpt lat="35.90371" lon="-81.87901">
        <ele>886.07</ele>
      </trkpt>
      <trkpt lat="35.90378" lon="-81.87908">
        <ele>886.82</ele>
      </trkpt>
      <trkpt lat="35.90383" lon="-81.87913">
        <ele>887.51</ele>
      </trkpt>
      <trkpt lat="35.90385" lon="-81.87917">
        <ele>887.58</ele>
      </trkpt>
      <trkpt lat="35.90387" lon="-81.87919">
        <ele>887.8</ele>
      </trkpt>
      <trkpt lat="35.90389" lon="-81.87923">
        <ele>888.02</ele>
      </trkpt>
      <trkpt lat="35.90392" lon="-81.87928">
        <ele>888.6</ele>
      </trkpt>
      <trkpt lat="35.90395" lon="-81.87932">
        <ele>888.89</ele>
      </trkpt>
      <trkpt lat="35.90395" lon="-81.87932">
        <ele>888.89</ele>
      </trkpt>
      <trkpt lat="35.90399" lon="-81.87934">
        <ele>889.3</ele>
      </trkpt>
      <trkpt lat="35.90403" lon="-81.87935">
        <ele>890.06</ele>
      </trkpt>
      <trkpt lat="35.90406" lon="-81.87935">
        <ele>890.7</ele>
      </trkpt>
      <trkpt lat="35.90408" lon="-81.87934">
        <ele>891.07</ele>
      </trkpt>
      <trkpt lat="35.90411" lon="-81.87932">
        <ele>891.52</ele>
      </trkpt>
      <trkpt lat="35.90411" lon="-81.87932">
        <ele>891.52</ele>
      </trkpt>
      <trkpt lat="35.90415" lon="-81.87928">
        <ele>892.46</ele>
      </trkpt>
      <trkpt lat="35.90418" lon="-81.87922">
        <ele>893.0</ele>
      </trkpt>
      <trkpt lat="35.90421" lon="-81.87915">
        <ele>893.08</ele>
      </trkpt>
      <trkpt lat="35.90426" lon="-81.87906">
        <ele>894.0</ele>
      </trkpt>
      <trkpt lat="35.90434" lon="-81.87896">
        <ele>894.9</ele>
      </trkpt>
      <trkpt lat="35.9044" lon="-81.87891">
        <ele>895.4</ele>
      </trkpt>
      <trkpt lat="35.9044" lon="-81.87891">
        <ele>895.4</ele>
      </trkpt>
      <trkpt lat="35.90442" lon="-81.8789">
        <ele>895.65</ele>
      </trkpt>
      <trkpt lat="35.90447" lon="-81.87889">
        <ele>895.99</ele>
      </trkpt>
      <trkpt lat="35.90452" lon="-81.87888">
        <ele>896.0</ele>
      </trkpt>
      <trkpt lat="35.90454" lon="-81.87888">
        <ele>896.03</ele>
      </trkpt>
      <trkpt lat="35.90475" lon="-81.87891">
        <ele>898.3</ele>
      </trkpt>
      <trkpt lat="35.90484" lon="-81.87894">
        <ele>899.27</ele>
      </trkpt>
      <trkpt lat="35.90487" lon="-81.87895">
        <ele>899.6</ele>
      </trkpt>
      <trkpt lat="35.905" lon="-81.87898">
        <ele>901.0</ele>
      </trkpt>
      <trkpt lat="35.90508" lon="-81.87899">
        <ele>901.78</ele>
      </trkpt>
      <trkpt lat="35.90515" lon="-81.87901">
        <ele>902.31</ele>
      </trkpt>
      <trkpt lat="35.90523" lon="-81.87903">
        <ele>902.96</ele>
      </trkpt>
      <trkpt lat="35.90532" lon="-81.87905">
        <ele>903.6</ele>
      </trkpt>
      <trkpt lat="35.90539" lon="-81.87906">
        <ele>904.21</ele>
      </trkpt>
      <trkpt lat="35.90544" lon="-81.87908">
        <ele>904.74</ele>
      </trkpt>
      <trkpt lat="35.90549" lon="-81.87908">
        <ele>905.29</ele>
      </trkpt>
      <trkpt lat="35.90555" lon="-81.87909">
        <ele>905.94</ele>
      </trkpt>
      <trkpt lat="35.90556" lon="-81.87909">
        <ele>906.05</ele>
      </trkpt>
      <trkpt lat="35.90561" lon="-81.87911">
        <ele>906.59</ele>
      </trkpt>
      <trkpt lat="35.90565" lon="-81.87911">
        <ele>907.02</ele>
      </trkpt>
      <trkpt lat="35.90569" lon="-81.87912">
        <ele>907.45</ele>
      </trkpt>
      <trkpt lat="35.90573" lon="-81.87912">
        <ele>907.88</ele>
      </trkpt>
      <trkpt lat="35.90573" lon="-81.87912">
        <ele>907.88</ele>
      </trkpt>
      <trkpt lat="35.90575" lon="-81.87913">
        <ele>908.06</ele>
      </trkpt>
      <trkpt lat="35.90576" lon="-81.87912">
        <ele>908.1</ele>
      </trkpt>
      <trkpt lat="35.90583" lon="-81.87911">
        <ele>908.37</ele>
      </trkpt>
      <trkpt lat="35.90588" lon="-81.87912">
        <ele>909.0</ele>
      </trkpt>
      <trkpt lat="35.90605" lon="-81.87912">
        <ele>911.51</ele>
      </trkpt>
      <trkpt lat="35.90611" lon="-81.8791">
        <ele>912.26</ele>
      </trkpt>
      <trkpt lat="35.90617" lon="-81.8791">
        <ele>912.92</ele>
      </trkpt>
      <trkpt lat="35.90622" lon="-81.87909">
        <ele>913.49</ele>
      </trkpt>
      <trkpt lat="35.90626" lon="-81.87908">
        <ele>914.24</ele>
      </trkpt>
      <trkpt lat="35.90631" lon="-81.87908">
        <ele>915.15</ele>
      </trkpt>
      <trkpt lat="35.90635" lon="-81.87908">
        <ele>915.58</ele>
      </trkpt>
      <trkpt lat="35.9064" lon="-81.87909">
        <ele>916.02</ele>
      </trkpt>
      <trkpt lat="35.90645" lon="-81.87911">
        <ele>916.26</ele>
      </trkpt>
      <trkpt lat="35.90649" lon="-81.87911">
        <ele>916.48</ele>
      </trkpt>
      <trkpt lat="35.90652" lon="-81.87911">
        <ele>916.8</ele>
      </trkpt>
      <trkpt lat="35.90654" lon="-81.87911">
        <ele>917.02</ele>
      </trkpt>
      <trkpt lat="35.90656" lon="-81.87911">
        <ele>917.24</ele>
      </trkpt>
      <trkpt lat="35.9066" lon="-81.87911">
        <ele>917.5</ele>
      </trkpt>
      <trkpt lat="35.90662" lon="-81.87911">
        <ele>917.58</ele>
      </trkpt>
      <trkpt lat="35.90665" lon="-81.87911">
        <ele>917.71</ele>
      </trkpt>
      <trkpt lat="35.9067" lon="-81.87911">
        <ele>918.5</ele>
      </trkpt>
      <trkpt lat="35.90676" lon="-81.87911">
        <ele>919.8</ele>
      </trkpt>
      <trkpt lat="35.9068" lon="-81.87911">
        <ele>920.93</ele>
      </trkpt>
      <trkpt lat="35.90685" lon="-81.8791">
        <ele>922.23</ele>
      </trkpt>
      <trkpt lat="35.90689" lon="-81.87907">
        <ele>922.32</ele>
      </trkpt>
      <trkpt lat="35.90694" lon="-81.87904">
        <ele>922.55</ele>
      </trkpt>
      <trkpt lat="35.90697" lon="-81.879">
        <ele>922.75</ele>
      </trkpt>
      <trkpt lat="35.90701" lon="-81.87898">
        <ele>923.41</ele>
      </trkpt>
      <trkpt lat="35.90703" lon="-81.87896">
        <ele>923.81</ele>
      </trkpt>
      <trkpt lat="35.90706" lon="-81.87893">
        <ele>924.36</ele>
      </trkpt>
      <trkpt lat="35.90709" lon="-81.8789">
        <ele>924.64</ele>
      </trkpt>
      <trkpt lat="35.90712" lon="-81.87887">
        <ele>924.67</ele>
      </trkpt>
      <trkpt lat="35.90716" lon="-81.87885">
        <ele>925.37</ele>
      </trkpt>
      <trkpt lat="35.90723" lon="-81.87879">
        <ele>926.95</ele>
      </trkpt>
      <trkpt lat="35.90734" lon="-81.87875">
        <ele>927.77</ele>
      </trkpt>
      <trkpt lat="35.90744" lon="-81.87875">
        <ele>928.85</ele>
      </trkpt>
      <trkpt lat="35.90748" lon="-81.87875">
        <ele>929.28</ele>
      </trkpt>
      <trkpt lat="35.90752" lon="-81.87876">
        <ele>929.74</ele>
      </trkpt>
      <trkpt lat="35.90758" lon="-81.8788">
        <ele>930.91</ele>
      </trkpt>
      <trkpt lat="35.90763" lon="-81.87881">
        <ele>931.21</ele>
      </trkpt>
      <trkpt lat="35.90777" lon="-81.87889">
        <ele>933.01</ele>
      </trkpt>
      <trkpt lat="35.90789" lon="-81.87893">
        <ele>934.66</ele>
      </trkpt>
      <trkpt lat="35.908" lon="-81.87898">
        <ele>936.38</ele>
      </trkpt>
      <trkpt lat="35.90807" lon="-81.87903">
        <ele>937.01</ele>
      </trkpt>
      <trkpt lat="35.90814" lon="-81.87909">
        <ele>938.1</ele>
      </trkpt>
      <trkpt lat="35.90818" lon="-81.87916">
        <ele>938.58</ele>
      </trkpt>
      <trkpt lat="35.90821" lon="-81.8792">
        <ele>938.93</ele>
      </trkpt>
      <trkpt lat="35.90822" lon="-81.87922">
        <ele>939.25</ele>
      </trkpt>
      <trkpt lat="35.90823" lon="-81.87922">
        <ele>939.2</ele>
      </trkpt>
      <trkpt lat="35.90824" lon="-81.87924">
        <ele>939.59</ele>
      </trkpt>
      <trkpt lat="35.90825" lon="-81.87928">
        <ele>940.05</ele>
      </trkpt>
      <trkpt lat="35.90827" lon="-81.8793">
        <ele>939.95</ele>
      </trkpt>
      <trkpt lat="35.90827" lon="-81.87933">
        <ele>940.37</ele>
      </trkpt>
      <trkpt lat="35.90828" lon="-81.87936">
        <ele>940.66</ele>
      </trkpt>
      <trkpt lat="35.90829" lon="-81.87937">
        <ele>940.66</ele>
      </trkpt>
      <trkpt lat="35.90831" lon="-81.87942">
        <ele>940.99</ele>
      </trkpt>
      <trkpt lat="35.90836" lon="-81.8795">
        <ele>941.31</ele>
      </trkpt>
      <trkpt lat="35.90841" lon="-81.87957">
        <ele>941.88</ele>
      </trkpt>
      <trkpt lat="35.90845" lon="-81.8796">
        <ele>942.1</ele>
      </trkpt>
      <trkpt lat="35.90852" lon="-81.87968">
        <ele>943.07</ele>
      </trkpt>
      <trkpt lat="35.90857" lon="-81.87974">
        <ele>943.83</ele>
      </trkpt>
      <trkpt lat="35.90862" lon="-81.87979">
        <ele>944.44</ele>
      </trkpt>
      <trkpt lat="35.90869" lon="-81.87986">
        <ele>945.63</ele>
      </trkpt>
      <trkpt lat="35.9087" lon="-81.87987">
        <ele>945.64</ele>
      </trkpt>
      <trkpt lat="35.90879" lon="-81.87998">
        <ele>946.84</ele>
      </trkpt>
      <trkpt lat="35.90882" lon="-81.88001">
        <ele>947.22</ele>
      </trkpt>
      <trkpt lat="35.90883" lon="-81.88002">
        <ele>947.43</ele>
      </trkpt>
      <trkpt lat="35.90886" lon="-81.88005">
        <ele>948.08</ele>
      </trkpt>
      <trkpt lat="35.9089" lon="-81.8801">
        <ele>949.08</ele>
      </trkpt>
      <trkpt lat="35.90891" lon="-81.88012">
        <ele>949.3</ele>
      </trkpt>
      <trkpt lat="35.90894" lon="-81.88015">
        <ele>949.62</ele>
      </trkpt>
      <trkpt lat="35.90899" lon="-81.88018">
        <ele>950.03</ele>
      </trkpt>
      <trkpt lat="35.90904" lon="-81.88019">
        <ele>950.72</ele>
      </trkpt>
      <trkpt lat="35.90909" lon="-81.8802">
        <ele>951.33</ele>
      </trkpt>
      <trkpt lat="35.90914" lon="-81.8802">
        <ele>951.87</ele>
      </trkpt>
      <trkpt lat="35.90918" lon="-81.88018">
        <ele>952.24</ele>
      </trkpt>
      <trkpt lat="35.9092" lon="-81.88014">
        <ele>952.41</ele>
      </trkpt>
      <trkpt lat="35.90921" lon="-81.88013">
        <ele>952.62</ele>
      </trkpt>
      <trkpt lat="35.90922" lon="-81.88006">
        <ele>952.58</ele>
      </trkpt>
      <trkpt lat="35.90923" lon="-81.88001">
        <ele>952.77</ele>
      </trkpt>
      <trkpt lat="35.90924" lon="-81.87997">
        <ele>953.17</ele>
      </trkpt>
      <trkpt lat="35.90925" lon="-81.87995">
        <ele>953.6</ele>
      </trkpt>
      <trkpt lat="35.90927" lon="-81.87991">
        <ele>954.24</ele>
      </trkpt>
      <trkpt lat="35.9093" lon="-81.87986">
        <ele>954.08</ele>
      </trkpt>
      <trkpt lat="35.90934" lon="-81.8798">
        <ele>954.3</ele>
      </trkpt>
      <trkpt lat="35.90939" lon="-81.87977">
        <ele>954.64</ele>
      </trkpt>
      <trkpt lat="35.90947" lon="-81.87975">
        <ele>955.58</ele>
      </trkpt>
      <trkpt lat="35.90953" lon="-81.87973">
        <ele>956.01</ele>
      </trkpt>
      <trkpt lat="35.90967" lon="-81.87968">
        <ele>957.16</ele>
      </trkpt>
      <trkpt lat="35.90972" lon="-81.87965">
        <ele>958.15</ele>
      </trkpt>
      <trkpt lat="35.90979" lon="-81.87959">
        <ele>958.92</ele>
      </trkpt>
      <trkpt lat="35.90988" lon="-81.8795">
        <ele>959.47</ele>
      </trkpt>
      <trkpt lat="35.90994" lon="-81.87943">
        <ele>960.6</ele>
      </trkpt>
      <trkpt lat="35.91001" lon="-81.87936">
        <ele>962.13</ele>
      </trkpt>
      <trkpt lat="35.91006" lon="-81.8793">
        <ele>961.89</ele>
      </trkpt>
      <trkpt lat="35.91012" lon="-81.87925">
        <ele>962.39</ele>
      </trkpt>
      <trkpt lat="35.91019" lon="-81.8792">
        <ele>962.82</ele>
      </trkpt>
      <trkpt lat="35.91021" lon="-81.87919">
        <ele>963.04</ele>
      </trkpt>
      <trkpt lat="35.91023" lon="-81.87918">
        <ele>963.26</ele>
      </trkpt>
      <trkpt lat="35.91025" lon="-81.87917">
        <ele>963.47</ele>
      </trkpt>
      <trkpt lat="35.9103" lon="-81.87915">
        <ele>963.66</ele>
      </trkpt>
      <trkpt lat="35.91037" lon="-81.87914">
        <ele>963.85</ele>
      </trkpt>
      <trkpt lat="35.9104" lon="-81.87916">
        <ele>964.39</ele>
      </trkpt>
      <trkpt lat="35.91051" lon="-81.87921">
        <ele>964.63</ele>
      </trkpt>
      <trkpt lat="35.91062" lon="-81.87928">
        <ele>965.98</ele>
      </trkpt>
      <trkpt lat="35.91068" lon="-81.87931">
        <ele>966.14</ele>
      </trkpt>
      <trkpt lat="35.91078" lon="-81.87943">
        <ele>967.77</ele>
      </trkpt>
      <trkpt lat="35.91082" lon="-81.87949">
        <ele>968.27</ele>
      </trkpt>
      <trkpt lat="35.91085" lon="-81.87954">
        <ele>968.88</ele>
      </trkpt>
      <trkpt lat="35.91088" lon="-81.87964">
        <ele>970.66</ele>
      </trkpt>
      <trkpt lat="35.91091" lon="-81.87971">
        <ele>971.19</ele>
      </trkpt>
      <trkpt lat="35.91093" lon="-81.87977">
        <ele>972.01</ele>
      </trkpt>
      <trkpt lat="35.91094" lon="-81.87984">
        <ele>973.16</ele>
      </trkpt>
      <trkpt lat="35.91096" lon="-81.87989">
        <ele>973.74</ele>
      </trkpt>
      <trkpt lat="35.91099" lon="-81.87996">
        <ele>974.17</ele>
      </trkpt>
      <trkpt lat="35.91102" lon="-81.88">
        <ele>974.02</ele>
      </trkpt>
      <trkpt lat="35.91105" lon="-81.88002">
        <ele>974.56</ele>
      </trkpt>
      <trkpt lat="35.91107" lon="-81.88002">
        <ele>974.77</ele>
      </trkpt>
      <trkpt lat="35.91111" lon="-81.88">
        <ele>974.99</ele>
      </trkpt>
      <trkpt lat="35.91115" lon="-81.87997">
        <ele>975.23</ele>
      </trkpt>
      <trkpt lat="35.9112" lon="-81.87992">
        <ele>975.93</ele>
      </trkpt>
      <trkpt lat="35.91127" lon="-81.87988">
        <ele>976.12</ele>
      </trkpt>
      <trkpt lat="35.91141" lon="-81.87988">
        <ele>977.57</ele>
      </trkpt>
      <trkpt lat="35.91149" lon="-81.8799">
        <ele>978.76</ele>
      </trkpt>
      <trkpt lat="35.91155" lon="-81.87992">
        <ele>979.24</ele>
      </trkpt>
      <trkpt lat="35.9116" lon="-81.87994">
        <ele>979.8</ele>
      </trkpt>
      <trkpt lat="35.91165" lon="-81.87996">
        <ele>980.6</ele>
      </trkpt>
      <trkpt lat="35.91169" lon="-81.87998">
        <ele>981.35</ele>
      </trkpt>
      <trkpt lat="35.91172" lon="-81.87999">
        <ele>981.68</ele>
      </trkpt>
      <trkpt lat="35.9118" lon="-81.88005">
        <ele>983.32</ele>
      </trkpt>
      <trkpt lat="35.91183" lon="-81.88006">
        <ele>983.79</ele>
      </trkpt>
      <trkpt lat="35.91185" lon="-81.88008">
        <ele>984.57</ele>
      </trkpt>
      <trkpt lat="35.91188" lon="-81.8801">
        <ele>985.1</ele>
      </trkpt>
      <trkpt lat="35.9119" lon="-81.88011">
        <ele>985.29</ele>
      </trkpt>
      <trkpt lat="35.91195" lon="-81.88011">
        <ele>985.48</ele>
      </trkpt>
      <trkpt lat="35.91198" lon="-81.88008">
        <ele>985.74</ele>
      </trkpt>
      <trkpt lat="35.912" lon="-81.88004">
        <ele>986.31</ele>
      </trkpt>
      <trkpt lat="35.91201" lon="-81.87998">
        <ele>986.83</ele>
      </trkpt>
      <trkpt lat="35.912" lon="-81.87995">
        <ele>986.4</ele>
      </trkpt>
      <trkpt lat="35.91201" lon="-81.87991">
        <ele>986.83</ele>
      </trkpt>
      <trkpt lat="35.912" lon="-81.87989">
        <ele>986.59</ele>
      </trkpt>
      <trkpt lat="35.912" lon="-81.87985">
        <ele>987.02</ele>
      </trkpt>
      <trkpt lat="35.91196" lon="-81.87975">
        <ele>986.37</ele>
      </trkpt>
      <trkpt lat="35.91193" lon="-81.87966">
        <ele>986.72</ele>
      </trkpt>
      <trkpt lat="35.91193" lon="-81.87957">
        <ele>987.48</ele>
      </trkpt>
      <trkpt lat="35.91194" lon="-81.87951">
        <ele>987.58</ele>
      </trkpt>
      <trkpt lat="35.91196" lon="-81.87948">
        <ele>987.62</ele>
      </trkpt>
      <trkpt lat="35.91197" lon="-81.87945">
        <ele>987.35</ele>
      </trkpt>
      <trkpt lat="35.91199" lon="-81.87942">
        <ele>987.23</ele>
      </trkpt>
      <trkpt lat="35.91204" lon="-81.87938">
        <ele>987.34</ele>
      </trkpt>
      <trkpt lat="35.9121" lon="-81.87935">
        <ele>987.66</ele>
      </trkpt>
      <trkpt lat="35.91215" lon="-81.87934">
        <ele>988.06</ele>
      </trkpt>
      <trkpt lat="35.91225" lon="-81.87936">
        <ele>989.09</ele>
      </trkpt>
      <trkpt lat="35.91233" lon="-81.8794">
        <ele>989.61</ele>
      </trkpt>
      <trkpt lat="35.91248" lon="-81.87948">
        <ele>990.9</ele>
      </trkpt>
      <trkpt lat="35.91249" lon="-81.87949">
        <ele>991.04</ele>
      </trkpt>
      <trkpt lat="35.91255" lon="-81.8795">
        <ele>991.2</ele>
      </trkpt>
      <trkpt lat="35.9126" lon="-81.87953">
        <ele>991.93</ele>
      </trkpt>
      <trkpt lat="35.9126" lon="-81.87953">
        <ele>991.93</ele>
      </trkpt>
      <trkpt lat="35.91264" lon="-81.87954">
        <ele>992.54</ele>
      </trkpt>
      <trkpt lat="35.91269" lon="-81.87956">
        <ele>993.26</ele>
      </trkpt>
      <trkpt lat="35.91272" lon="-81.87956">
        <ele>993.34</ele>
      </trkpt>
      <trkpt lat="35.91273" lon="-81.87956">
        <ele>993.37</ele>
      </trkpt>
      <trkpt lat="35.91279" lon="-81.87956">
        <ele>993.6</ele>
      </trkpt>
      <trkpt lat="35.91279" lon="-81.87956">
        <ele>993.6</ele>
      </trkpt>
      <trkpt lat="35.91285" lon="-81.87957">
        <ele>994.21</ele>
      </trkpt>
      <trkpt lat="35.91294" lon="-81.87957">
        <ele>995.11</ele>
      </trkpt>
      <trkpt lat="35.91303" lon="-81.87957">
        <ele>996.08</ele>
      </trkpt>
      <trkpt lat="35.91313" lon="-81.87958">
        <ele>996.89</ele>
      </trkpt>
      <trkpt lat="35.91316" lon="-81.87958">
        <ele>997.13</ele>
      </trkpt>
      <trkpt lat="35.9132" lon="-81.87957">
        <ele>997.56</ele>
      </trkpt>
      <trkpt lat="35.91322" lon="-81.87955">
        <ele>997.78</ele>
      </trkpt>
      <trkpt lat="35.91323" lon="-81.87954">
        <ele>997.88</ele>
      </trkpt>
      <trkpt lat="35.91327" lon="-81.87947">
        <ele>998.95</ele>
      </trkpt>
      <trkpt lat="35.91328" lon="-81.87945">
        <ele>999.27</ele>
      </trkpt>
      <trkpt lat="35.91328" lon="-81.8794">
        <ele>999.27</ele>
      </trkpt>
      <trkpt lat="35.91328" lon="-81.87938">
        <ele>999.27</ele>
      </trkpt>
      <trkpt lat="35.9133" lon="-81.8793">
        <ele>999.92</ele>
      </trkpt>
      <trkpt lat="35.91331" lon="-81.87926">
        <ele>1000.24</ele>
      </trkpt>
      <trkpt lat="35.91335" lon="-81.87917">
        <ele>1001.37</ele>
      </trkpt>
      <trkpt lat="35.91342" lon="-81.87905">
        <ele>1001.86</ele>
      </trkpt>
      <trkpt lat="35.91344" lon="-81.87901">
        <ele>1002.2</ele>
      </trkpt>
      <trkpt lat="35.91348" lon="-81.87896">
        <ele>1002.72</ele>
      </trkpt>
      <trkpt lat="35.91356" lon="-81.87876">
        <ele>1004.84</ele>
      </trkpt>
      <trkpt lat="35.91362" lon="-81.87865">
        <ele>1006.04</ele>
      </trkpt>
      <trkpt lat="35.91363" lon="-81.87865">
        <ele>1006.09</ele>
      </trkpt>
      <trkpt lat="35.91364" lon="-81.87863">
        <ele>1006.06</ele>
      </trkpt>
      <trkpt lat="35.91371" lon="-81.87856">
        <ele>1006.07</ele>
      </trkpt>
      <trkpt lat="35.91376" lon="-81.87853">
        <ele>1006.61</ele>
      </trkpt>
      <trkpt lat="35.9138" lon="-81.8785">
        <ele>1007.03</ele>
      </trkpt>
      <trkpt lat="35.91386" lon="-81.87849">
        <ele>1007.48</ele>
      </trkpt>
      <trkpt lat="35.9139" lon="-81.87849">
        <ele>1007.69</ele>
      </trkpt>
      <trkpt lat="35.91395" lon="-81.87848">
        <ele>1007.58</ele>
      </trkpt>
      <trkpt lat="35.91407" lon="-81.87847">
        <ele>1007.93</ele>
      </trkpt>
      <trkpt lat="35.91408" lon="-81.87847">
        <ele>1008.02</ele>
      </trkpt>
      <trkpt lat="35.9141" lon="-81.87847">
        <ele>1008.23</ele>
      </trkpt>
      <trkpt lat="35.91412" lon="-81.87846">
        <ele>1008.23</ele>
      </trkpt>
      <trkpt lat="35.91415" lon="-81.87846">
        <ele>1008.56</ele>
      </trkpt>
      <trkpt lat="35.91419" lon="-81.87845">
        <ele>1008.96</ele>
      </trkpt>
      <trkpt lat="35.91427" lon="-81.87842">
        <ele>1010.06</ele>
      </trkpt>
      <trkpt lat="35.9143" lon="-81.8784">
        <ele>1010.28</ele>
      </trkpt>
      <trkpt lat="35.91441" lon="-81.87836">
        <ele>1011.63</ele>
      </trkpt>
      <trkpt lat="35.91452" lon="-81.87835">
        <ele>1012.82</ele>
      </trkpt>
      <trkpt lat="35.91456" lon="-81.87835">
        <ele>1013.0</ele>
      </trkpt>
      <trkpt lat="35.91467" lon="-81.8784">
        <ele>1013.12</ele>
      </trkpt>
      <trkpt lat="35.91469" lon="-81.87842">
        <ele>1013.04</ele>
      </trkpt>
      <trkpt lat="35.91471" lon="-81.87845">
        <ele>1013.03</ele>
      </trkpt>
      <trkpt lat="35.91479" lon="-81.87854">
        <ele>1012.5</ele>
      </trkpt>
      <trkpt lat="35.91485" lon="-81.87861">
        <ele>1012.23</ele>
      </trkpt>
      <trkpt lat="35.91489" lon="-81.87865">
        <ele>1011.8</ele>
      </trkpt>
      <trkpt lat="35.91492" lon="-81.87869">
        <ele>1011.44</ele>
      </trkpt>
      <trkpt lat="35.91495" lon="-81.87874">
        <ele>1011.01</ele>
      </trkpt>
      <trkpt lat="35.91498" lon="-81.87879">
        <ele>1010.58</ele>
      </trkpt>
      <trkpt lat="35.915" lon="-81.87884">
        <ele>1010.94</ele>
      </trkpt>
      <trkpt lat="35.91504" lon="-81.87889">
        <ele>1010.75</ele>
      </trkpt>
      <trkpt lat="35.91507" lon="-81.87895">
        <ele>1011.54</ele>
      </trkpt>
      <trkpt lat="35.91511" lon="-81.879">
        <ele>1011.29</ele>
      </trkpt>
      <trkpt lat="35.91515" lon="-81.87905">
        <ele>1011.0</ele>
      </trkpt>
      <trkpt lat="35.91516" lon="-81.87907">
        <ele>1010.81</ele>
      </trkpt>
      <trkpt lat="35.91518" lon="-81.87909">
        <ele>1010.08</ele>
      </trkpt>
      <trkpt lat="35.91522" lon="-81.87913">
        <ele>1009.98</ele>
      </trkpt>
      <trkpt lat="35.91525" lon="-81.87916">
        <ele>1009.36</ele>
      </trkpt>
      <trkpt lat="35.91527" lon="-81.87917">
        <ele>1008.5</ele>
      </trkpt>
      <trkpt lat="35.91529" lon="-81.87919">
        <ele>1008.11</ele>
      </trkpt>
      <trkpt lat="35.91537" lon="-81.87926">
        <ele>1007.03</ele>
      </trkpt>
      <trkpt lat="35.9154" lon="-81.87929">
        <ele>1006.6</ele>
      </trkpt>
      <trkpt lat="35.91545" lon="-81.87932">
        <ele>1006.0</ele>
      </trkpt>
      <trkpt lat="35.9155" lon="-81.87936">
        <ele>1006.74</ele>
      </trkpt>
      <trkpt lat="35.91553" lon="-81.87938">
        <ele>1006.66</ele>
      </trkpt>
      <trkpt lat="35.91557" lon="-81.8794">
        <ele>1005.98</ele>
      </trkpt>
      <trkpt lat="35.91562" lon="-81.87941">
        <ele>1004.46</ele>
      </trkpt>
      <trkpt lat="35.91568" lon="-81.87942">
        <ele>1003.51</ele>
      </trkpt>
      <trkpt lat="35.91574" lon="-81.87943">
        <ele>1003.23</ele>
      </trkpt>
      <trkpt lat="35.91579" lon="-81.87943">
        <ele>1003.22</ele>
      </trkpt>
      <trkpt lat="35.91588" lon="-81.8794">
        <ele>1002.1</ele>
      </trkpt>
      <trkpt lat="35.91592" lon="-81.8794">
        <ele>1002.54</ele>
      </trkpt>
      <trkpt lat="35.91595" lon="-81.87939">
        <ele>1002.63</ele>
      </trkpt>
      <trkpt lat="35.916" lon="-81.8794">
        <ele>1004.17</ele>
      </trkpt>
      <trkpt lat="35.91604" lon="-81.87942">
        <ele>1005.27</ele>
      </trkpt>
      <trkpt lat="35.91609" lon="-81.87946">
        <ele>1006.32</ele>
      </trkpt>
      <trkpt lat="35.91615" lon="-81.87954">
        <ele>1005.41</ele>
      </trkpt>
      <trkpt lat="35.91621" lon="-81.87969">
        <ele>1004.38</ele>
      </trkpt>
      <trkpt lat="35.91625" lon="-81.87979">
        <ele>1004.46</ele>
      </trkpt>
      <trkpt lat="35.91628" lon="-81.87983">
        <ele>1003.95</ele>
      </trkpt>
      <trkpt lat="35.9163" lon="-81.87987">
        <ele>1003.44</ele>
      </trkpt>
      <trkpt lat="35.91631" lon="-81.8799">
        <ele>1003.33</ele>
      </trkpt>
      <trkpt lat="35.91642" lon="-81.88008">
        <ele>1003.2</ele>
      </trkpt>
      <trkpt lat="35.91649" lon="-81.88017">
        <ele>1003.12</ele>
      </trkpt>
      <trkpt lat="35.91659" lon="-81.88024">
        <ele>1002.06</ele>
      </trkpt>
      <trkpt lat="35.91672" lon="-81.88029">
        <ele>1002.9</ele>
      </trkpt>
      <trkpt lat="35.91677" lon="-81.88034">
        <ele>1004.42</ele>
      </trkpt>
      <trkpt lat="35.91684" lon="-81.8804">
        <ele>1004.9</ele>
      </trkpt>
      <trkpt lat="35.91687" lon="-81.88046">
        <ele>1005.53</ele>
      </trkpt>
      <trkpt lat="35.91689" lon="-81.88051">
        <ele>1006.49</ele>
      </trkpt>
      <trkpt lat="35.9169" lon="-81.88056">
        <ele>1007.49</ele>
      </trkpt>
      <trkpt lat="35.91691" lon="-81.8806">
        <ele>1007.6</ele>
      </trkpt>
      <trkpt lat="35.91692" lon="-81.88064">
        <ele>1007.7</ele>
      </trkpt>
      <trkpt lat="35.91692" lon="-81.88067">
        <ele>1007.85</ele>
      </trkpt>
      <trkpt lat="35.91692" lon="-81.88081">
        <ele>1008.8</ele>
      </trkpt>
      <trkpt lat="35.91693" lon="-81.88087">
        <ele>1008.62</ele>
      </trkpt>
      <trkpt lat="35.91693" lon="-81.88091">
        <ele>1008.62</ele>
      </trkpt>
      <trkpt lat="35.91692" lon="-81.88094">
        <ele>1009.06</ele>
      </trkpt>
      <trkpt lat="35.91692" lon="-81.881">
        <ele>1009.06</ele>
      </trkpt>
      <trkpt lat="35.91692" lon="-81.88105">
        <ele>1009.06</ele>
      </trkpt>
      <trkpt lat="35.91694" lon="-81.88121">
        <ele>1008.26</ele>
      </trkpt>
      <trkpt lat="35.91695" lon="-81.88124">
        <ele>1008.18</ele>
      </trkpt>
      <trkpt lat="35.91698" lon="-81.8813">
        <ele>1007.93</ele>
      </trkpt>
      <trkpt lat="35.91703" lon="-81.88143">
        <ele>1008.71</ele>
      </trkpt>
      <trkpt lat="35.91705" lon="-81.88146">
        <ele>1008.32</ele>
      </trkpt>
      <trkpt lat="35.91706" lon="-81.88148">
        <ele>1008.24</ele>
      </trkpt>
      <trkpt lat="35.91707" lon="-81.8815">
        <ele>1008.4</ele>
      </trkpt>
      <trkpt lat="35.91708" lon="-81.88153">
        <ele>1008.9</ele>
      </trkpt>
      <trkpt lat="35.9171" lon="-81.88156">
        <ele>1009.23</ele>
      </trkpt>
      <trkpt lat="35.91713" lon="-81.8816">
        <ele>1009.27</ele>
      </trkpt>
      <trkpt lat="35.91715" lon="-81.88164">
        <ele>1008.99</ele>
      </trkpt>
      <trkpt lat="35.91716" lon="-81.88167">
        <ele>1009.05</ele>
      </trkpt>
      <trkpt lat="35.91719" lon="-81.88173">
        <ele>1008.73</ele>
      </trkpt>
      <trkpt lat="35.9172" lon="-81.88177">
        <ele>1008.86</ele>
      </trkpt>
      <trkpt lat="35.9172" lon="-81.88183">
        <ele>1009.67</ele>
      </trkpt>
      <trkpt lat="35.91721" lon="-81.88188">
        <ele>1009.53</ele>
      </trkpt>
      <trkpt lat="35.91721" lon="-81.88192">
        <ele>1009.53</ele>
      </trkpt>
      <trkpt lat="35.91721" lon="-81.88195">
        <ele>1009.53</ele>
      </trkpt>
      <trkpt lat="35.91721" lon="-81.88198">
        <ele>1009.53</ele>
      </trkpt>
      <trkpt lat="35.91719" lon="-81.88202">
        <ele>1010.39</ele>
      </trkpt>
      <trkpt lat="35.91719" lon="-81.88205">
        <ele>1010.2</ele>
      </trkpt>
      <trkpt lat="35.91717" lon="-81.88212">
        <ele>1009.85</ele>
      </trkpt>
      <trkpt lat="35.91713" lon="-81.88222">
        <ele>1009.04</ele>
      </trkpt>
      <trkpt lat="35.91713" lon="-81.88225">
        <ele>1008.69</ele>
      </trkpt>
      <trkpt lat="35.9171" lon="-81.8823">
        <ele>1010.13</ele>
      </trkpt>
      <trkpt lat="35.9171" lon="-81.88232">
        <ele>1009.83</ele>
      </trkpt>
      <trkpt lat="35.91707" lon="-81.88238">
        <ele>1010.25</ele>
      </trkpt>
      <trkpt lat="35.91707" lon="-81.88241">
        <ele>1009.54</ele>
      </trkpt>
      <trkpt lat="35.91706" lon="-81.88243">
        <ele>1009.64</ele>
      </trkpt>
      <trkpt lat="35.91704" lon="-81.8825">
        <ele>1008.94</ele>
      </trkpt>
      <trkpt lat="35.91704" lon="-81.88253">
        <ele>1008.6</ele>
      </trkpt>
      <trkpt lat="35.91703" lon="-81.88255">
        <ele>1008.65</ele>
      </trkpt>
      <trkpt lat="35.91703" lon="-81.88257">
        <ele>1008.41</ele>
      </trkpt>
      <trkpt lat="35.91703" lon="-81.8826">
        <ele>1008.15</ele>
      </trkpt>
      <trkpt lat="35.91704" lon="-81.88263">
        <ele>1007.89</ele>
      </trkpt>
      <trkpt lat="35.91705" lon="-81.88267">
        <ele>1007.46</ele>
      </trkpt>
      <trkpt lat="35.91706" lon="-81.88271">
        <ele>1007.34</ele>
      </trkpt>
      <trkpt lat="35.91714" lon="-81.8828">
        <ele>1006.6</ele>
      </trkpt>
      <trkpt lat="35.91716" lon="-81.88283">
        <ele>1007.09</ele>
      </trkpt>
      <trkpt lat="35.91719" lon="-81.88286">
        <ele>1007.02</ele>
      </trkpt>
      <trkpt lat="35.91725" lon="-81.88292">
        <ele>1007.01</ele>
      </trkpt>
      <trkpt lat="35.9173" lon="-81.883">
        <ele>1008.25</ele>
      </trkpt>
      <trkpt lat="35.91732" lon="-81.88305">
        <ele>1008.77</ele>
      </trkpt>
      <trkpt lat="35.91734" lon="-81.8831">
        <ele>1008.81</ele>
      </trkpt>
      <trkpt lat="35.91735" lon="-81.88312">
        <ele>1008.67</ele>
      </trkpt>
      <trkpt lat="35.91735" lon="-81.88316">
        <ele>1009.15</ele>
      </trkpt>
      <trkpt lat="35.91737" lon="-81.88322">
        <ele>1009.62</ele>
      </trkpt>
      <trkpt lat="35.91739" lon="-81.88334">
        <ele>1010.13</ele>
      </trkpt>
      <trkpt lat="35.9174" lon="-81.88345">
        <ele>1009.48</ele>
      </trkpt>
      <trkpt lat="35.91742" lon="-81.88355">
        <ele>1008.93</ele>
      </trkpt>
      <trkpt lat="35.91742" lon="-81.88358">
        <ele>1009.26</ele>
      </trkpt>
      <trkpt lat="35.91742" lon="-81.88361">
        <ele>1009.58</ele>
      </trkpt>
      <trkpt lat="35.91746" lon="-81.8837">
        <ele>1009.8</ele>
      </trkpt>
      <trkpt lat="35.91751" lon="-81.88377">
        <ele>1009.55</ele>
      </trkpt>
      <trkpt lat="35.91757" lon="-81.88381">
        <ele>1009.54</ele>
      </trkpt>
      <trkpt lat="35.91761" lon="-81.88383">
        <ele>1009.61</ele>
      </trkpt>
      <trkpt lat="35.91765" lon="-81.88384">
        <ele>1009.62</ele>
      </trkpt>
      <trkpt lat="35.9177" lon="-81.88384">
        <ele>1009.42</ele>
      </trkpt>
      <trkpt lat="35.91774" lon="-81.88383">
        <ele>1009.09</ele>
      </trkpt>
      <trkpt lat="35.91777" lon="-81.88383">
        <ele>1009.09</ele>
      </trkpt>
      <trkpt lat="35.9178" lon="-81.88382">
        <ele>1009.31</ele>
      </trkpt>
      <trkpt lat="35.91784" lon="-81.88381">
        <ele>1009.89</ele>
      </trkpt>
      <trkpt lat="35.91788" lon="-81.88379">
        <ele>1009.76</ele>
      </trkpt>
      <trkpt lat="35.91793" lon="-81.88378">
        <ele>1009.76</ele>
      </trkpt>
      <trkpt lat="35.91812" lon="-81.88372">
        <ele>1010.2</ele>
      </trkpt>
      <trkpt lat="35.91817" lon="-81.88372">
        <ele>1010.9</ele>
      </trkpt>
      <trkpt lat="35.91818" lon="-81.88372">
        <ele>1010.99</ele>
      </trkpt>
      <trkpt lat="35.91824" lon="-81.8837">
        <ele>1010.79</ele>
      </trkpt>
      <trkpt lat="35.91827" lon="-81.88368">
        <ele>1010.43</ele>
      </trkpt>
      <trkpt lat="35.91834" lon="-81.88362">
        <ele>1009.65</ele>
      </trkpt>
      <trkpt lat="35.91839" lon="-81.88357">
        <ele>1010.39</ele>
      </trkpt>
      <trkpt lat="35.91841" lon="-81.88353">
        <ele>1010.41</ele>
      </trkpt>
      <trkpt lat="35.91843" lon="-81.88351">
        <ele>1011.0</ele>
      </trkpt>
      <trkpt lat="35.91845" lon="-81.88346">
        <ele>1010.94</ele>
      </trkpt>
      <trkpt lat="35.91851" lon="-81.88336">
        <ele>1012.76</ele>
      </trkpt>
      <trkpt lat="35.91856" lon="-81.88332">
        <ele>1013.83</ele>
      </trkpt>
      <trkpt lat="35.91861" lon="-81.88326">
        <ele>1013.58</ele>
      </trkpt>
      <trkpt lat="35.91865" lon="-81.88321">
        <ele>1013.07</ele>
      </trkpt>
      <trkpt lat="35.91869" lon="-81.88319">
        <ele>1013.83</ele>
      </trkpt>
      <trkpt lat="35.91872" lon="-81.88316">
        <ele>1013.89</ele>
      </trkpt>
      <trkpt lat="35.91877" lon="-81.88312">
        <ele>1013.63</ele>
      </trkpt>
      <trkpt lat="35.91882" lon="-81.88309">
        <ele>1013.69</ele>
      </trkpt>
      <trkpt lat="35.91885" lon="-81.88307">
        <ele>1013.92</ele>
      </trkpt>
      <trkpt lat="35.91888" lon="-81.88306">
        <ele>1014.77</ele>
      </trkpt>
      <trkpt lat="35.91891" lon="-81.88305">
        <ele>1014.9</ele>
      </trkpt>
      <trkpt lat="35.91895" lon="-81.88303">
        <ele>1014.37</ele>
      </trkpt>
      <trkpt lat="35.91903" lon="-81.88301">
        <ele>1015.33</ele>
      </trkpt>
      <trkpt lat="35.91909" lon="-81.883">
        <ele>1016.37</ele>
      </trkpt>
      <trkpt lat="35.91915" lon="-81.883">
        <ele>1016.24</ele>
      </trkpt>
      <trkpt lat="35.91924" lon="-81.88303">
        <ele>1016.95</ele>
      </trkpt>
      <trkpt lat="35.91932" lon="-81.88308">
        <ele>1017.31</ele>
      </trkpt>
      <trkpt lat="35.91936" lon="-81.88311">
        <ele>1016.98</ele>
      </trkpt>
      <trkpt lat="35.91938" lon="-81.88311">
        <ele>1016.5</ele>
      </trkpt>
      <trkpt lat="35.9194" lon="-81.88312">
        <ele>1016.4</ele>
      </trkpt>
      <trkpt lat="35.91941" lon="-81.88313">
        <ele>1016.61</ele>
      </trkpt>
      <trkpt lat="35.91944" lon="-81.88315">
        <ele>1017.09</ele>
      </trkpt>
      <trkpt lat="35.91947" lon="-81.88316">
        <ele>1017.02</ele>
      </trkpt>
      <trkpt lat="35.91951" lon="-81.88316">
        <ele>1016.64</ele>
      </trkpt>
      <trkpt lat="35.91953" lon="-81.88315">
        <ele>1016.13</ele>
      </trkpt>
      <trkpt lat="35.91956" lon="-81.88316">
        <ele>1016.63</ele>
      </trkpt>
      <trkpt lat="35.91965" lon="-81.88314">
        <ele>1017.16</ele>
      </trkpt>
      <trkpt lat="35.91971" lon="-81.88312">
        <ele>1017.56</ele>
      </trkpt>
      <trkpt lat="35.91974" lon="-81.8831">
        <ele>1017.41</ele>
      </trkpt>
      <trkpt lat="35.91978" lon="-81.88305">
        <ele>1017.35</ele>
      </trkpt>
      <trkpt lat="35.91984" lon="-81.88297">
        <ele>1017.97</ele>
      </trkpt>
      <trkpt lat="35.91988" lon="-81.88289">
        <ele>1018.65</ele>
      </trkpt>
      <trkpt lat="35.91991" lon="-81.88281">
        <ele>1019.43</ele>
      </trkpt>
      <trkpt lat="35.91992" lon="-81.88274">
        <ele>1018.7</ele>
      </trkpt>
      <trkpt lat="35.91995" lon="-81.8827">
        <ele>1019.47</ele>
      </trkpt>
      <trkpt lat="35.91997" lon="-81.88266">
        <ele>1020.02</ele>
      </trkpt>
      <trkpt lat="35.91999" lon="-81.88261">
        <ele>1020.56</ele>
      </trkpt>
      <trkpt lat="35.92002" lon="-81.88254">
        <ele>1020.63</ele>
      </trkpt>
      <trkpt lat="35.92005" lon="-81.88247">
        <ele>1020.84</ele>
      </trkpt>
      <trkpt lat="35.9201" lon="-81.8824">
        <ele>1022.0</ele>
      </trkpt>
      <trkpt lat="35.92017" lon="-81.88233">
        <ele>1022.0</ele>
      </trkpt>
      <trkpt lat="35.92028" lon="-81.88226">
        <ele>1021.26</ele>
      </trkpt>
      <trkpt lat="35.92029" lon="-81.88226">
        <ele>1021.43</ele>
      </trkpt>
      <trkpt lat="35.92035" lon="-81.88223">
        <ele>1021.75</ele>
      </trkpt>
      <trkpt lat="35.92041" lon="-81.88219">
        <ele>1021.18</ele>
      </trkpt>
      <trkpt lat="35.92056" lon="-81.88214">
        <ele>1022.27</ele>
      </trkpt>
      <trkpt lat="35.92069" lon="-81.8821">
        <ele>1021.86</ele>
      </trkpt>
      <trkpt lat="35.92078" lon="-81.88209">
        <ele>1021.96</ele>
      </trkpt>
      <trkpt lat="35.92087" lon="-81.8821">
        <ele>1022.59</ele>
      </trkpt>
      <trkpt lat="35.92099" lon="-81.88216">
        <ele>1023.6</ele>
      </trkpt>
      <trkpt lat="35.92109" lon="-81.88222">
        <ele>1024.14</ele>
      </trkpt>
      <trkpt lat="35.92114" lon="-81.88226">
        <ele>1024.6</ele>
      </trkpt>
      <trkpt lat="35.92118" lon="-81.88228">
        <ele>1024.38</ele>
      </trkpt>
      <trkpt lat="35.92121" lon="-81.88232">
        <ele>1025.03</ele>
      </trkpt>
      <trkpt lat="35.9213" lon="-81.88237">
        <ele>1024.73</ele>
      </trkpt>
      <trkpt lat="35.92143" lon="-81.88248">
        <ele>1026.03</ele>
      </trkpt>
      <trkpt lat="35.92147" lon="-81.88252">
        <ele>1026.58</ele>
      </trkpt>
      <trkpt lat="35.92155" lon="-81.88259">
        <ele>1026.46</ele>
      </trkpt>
      <trkpt lat="35.92168" lon="-81.88271">
        <ele>1027.29</ele>
      </trkpt>
      <trkpt lat="35.92181" lon="-81.88283">
        <ele>1028.58</ele>
      </trkpt>
      <trkpt lat="35.92185" lon="-81.88287">
        <ele>1029.01</ele>
      </trkpt>
      <trkpt lat="35.92187" lon="-81.8829">
        <ele>1029.44</ele>
      </trkpt>
      <trkpt lat="35.92187" lon="-81.8829">
        <ele>1029.44</ele>
      </trkpt>
      <trkpt lat="35.92198" lon="-81.883">
        <ele>1030.65</ele>
      </trkpt>
      <trkpt lat="35.92203" lon="-81.88307">
        <ele>1031.39</ele>
      </trkpt>
      <trkpt lat="35.92209" lon="-81.88318">
        <ele>1032.77</ele>
      </trkpt>
      <trkpt lat="35.92213" lon="-81.88326">
        <ele>1032.99</ele>
      </trkpt>
      <trkpt lat="35.92215" lon="-81.88332">
        <ele>1032.75</ele>
      </trkpt>
      <trkpt lat="35.92217" lon="-81.88337">
        <ele>1033.18</ele>
      </trkpt>
      <trkpt lat="35.92218" lon="-81.88341">
        <ele>1033.66</ele>
      </trkpt>
      <trkpt lat="35.92219" lon="-81.88347">
        <ele>1034.17</ele>
      </trkpt>
      <trkpt lat="35.92223" lon="-81.8836">
        <ele>1034.71</ele>
      </trkpt>
      <trkpt lat="35.92225" lon="-81.88369">
        <ele>1035.25</ele>
      </trkpt>
      <trkpt lat="35.92225" lon="-81.88373">
        <ele>1035.68</ele>
      </trkpt>
      <trkpt lat="35.92228" lon="-81.8838">
        <ele>1035.79</ele>
      </trkpt>
      <trkpt lat="35.92229" lon="-81.88385">
        <ele>1036.12</ele>
      </trkpt>
      <trkpt lat="35.9223" lon="-81.8839">
        <ele>1036.46</ele>
      </trkpt>
      <trkpt lat="35.92232" lon="-81.88402">
        <ele>1037.27</ele>
      </trkpt>
      <trkpt lat="35.92233" lon="-81.88406">
        <ele>1037.5</ele>
      </trkpt>
      <trkpt lat="35.9224" lon="-81.88431">
        <ele>1038.75</ele>
      </trkpt>
      <trkpt lat="35.92245" lon="-81.88452">
        <ele>1039.9</ele>
      </trkpt>
      <trkpt lat="35.92245" lon="-81.88457">
        <ele>1040.44</ele>
      </trkpt>
      <trkpt lat="35.92248" lon="-81.88472">
        <ele>1040.43</ele>
      </trkpt>
      <trkpt lat="35.92249" lon="-81.88478">
        <ele>1040.84</ele>
      </trkpt>
      <trkpt lat="35.92249" lon="-81.88483">
        <ele>1041.38</ele>
      </trkpt>
      <trkpt lat="35.9225" lon="-81.88487">
        <ele>1041.6</ele>
      </trkpt>
      <trkpt lat="35.9225" lon="-81.8849">
        <ele>1041.92</ele>
      </trkpt>
      <trkpt lat="35.92251" lon="-81.88492">
        <ele>1041.8</ele>
      </trkpt>
      <trkpt lat="35.92251" lon="-81.88496">
        <ele>1041.85</ele>
      </trkpt>
      <trkpt lat="35.92252" lon="-81.885">
        <ele>1041.78</ele>
      </trkpt>
      <trkpt lat="35.92254" lon="-81.88505">
        <ele>1041.87</ele>
      </trkpt>
      <trkpt lat="35.92254" lon="-81.88509">
        <ele>1042.12</ele>
      </trkpt>
      <trkpt lat="35.92254" lon="-81.88513">
        <ele>1042.31</ele>
      </trkpt>
      <trkpt lat="35.92254" lon="-81.88516">
        <ele>1042.45</ele>
      </trkpt>
      <trkpt lat="35.92254" lon="-81.88535">
        <ele>1043.47</ele>
      </trkpt>
      <trkpt lat="35.92253" lon="-81.88545">
        <ele>1044.26</ele>
      </trkpt>
      <trkpt lat="35.92253" lon="-81.8856">
        <ele>1044.35</ele>
      </trkpt>
      <trkpt lat="35.92254" lon="-81.88568">
        <ele>1044.28</ele>
      </trkpt>
      <trkpt lat="35.92253" lon="-81.88573">
        <ele>1044.64</ele>
      </trkpt>
      <trkpt lat="35.92253" lon="-81.88592">
        <ele>1044.68</ele>
      </trkpt>
      <trkpt lat="35.92252" lon="-81.88596">
        <ele>1044.78</ele>
      </trkpt>
      <trkpt lat="35.92252" lon="-81.88599">
        <ele>1044.78</ele>
      </trkpt>
      <trkpt lat="35.92253" lon="-81.88603">
        <ele>1044.64</ele>
      </trkpt>
      <trkpt lat="35.92253" lon="-81.88607">
        <ele>1044.5</ele>
      </trkpt>
      <trkpt lat="35.92253" lon="-81.88611">
        <ele>1044.36</ele>
      </trkpt>
      <trkpt lat="35.92253" lon="-81.88615">
        <ele>1044.07</ele>
      </trkpt>
      <trkpt lat="35.92252" lon="-81.88621">
        <ele>1043.78</ele>
      </trkpt>
      <trkpt lat="35.92252" lon="-81.88626">
        <ele>1043.78</ele>
      </trkpt>
      <trkpt lat="35.92252" lon="-81.88632">
        <ele>1043.73</ele>
      </trkpt>
      <trkpt lat="35.92252" lon="-81.88639">
        <ele>1043.56</ele>
      </trkpt>
      <trkpt lat="35.92253" lon="-81.88645">
        <ele>1042.91</ele>
      </trkpt>
      <trkpt lat="35.92254" lon="-81.8865">
        <ele>1042.57</ele>
      </trkpt>
      <trkpt lat="35.92256" lon="-81.88655">
        <ele>1042.35</ele>
      </trkpt>
      <trkpt lat="35.92257" lon="-81.88657">
        <ele>1042.24</ele>
      </trkpt>
      <trkpt lat="35.92261" lon="-81.88667">
        <ele>1041.63</ele>
      </trkpt>
      <trkpt lat="35.92263" lon="-81.88672">
        <ele>1041.42</ele>
      </trkpt>
      <trkpt lat="35.92266" lon="-81.88676">
        <ele>1041.27</ele>
      </trkpt>
      <trkpt lat="35.92266" lon="-81.88677">
        <ele>1041.27</ele>
      </trkpt>
    </trkseg>
  </trk>
</gpx>
